predicted_at_utc,target_date,viewpoint_id,cloud_low,cloud_mid,cloud_high,visibility,precip_prob,rain_recent_flag,burned_yesterday_flag,front_flag,prob_A,prob_B,prob_C,prob_D,verdict,engine_version
2026-07-25T10:01:46.305392+00:00,2026-07-25,jiantan_laodifang,11.7,1.3,52.7,27226.7,7.0,0,0,0,15.0,25.0,35.0,25.0,出發,v1.3.0
2026-07-25T10:01:47.715912+00:00,2026-07-25,dadaocheng_wharf,13.0,2.7,56.7,23373.3,7.0,0,0,0,15.0,25.0,35.0,25.0,出發,v1.3.0
2026-07-25T10:01:49.723201+00:00,2026-07-25,tamsui_fishermans_wharf,18.7,3.7,43.3,9013.3,4.0,0,0,0,15.0,25.0,35.0,25.0,出發,v1.3.0
2026-07-25T10:01:51.123435+00:00,2026-07-25,tamsui_wharf,10.7,2.0,49.0,28320.0,4.0,0,0,0,15.0,25.0,35.0,25.0,出發,v1.3.0
2026-07-25T10:03:18.113118+00:00,2026-07-25,yuguangdao,11.0,17.3,78.3,7726.7,79.0,0,0,0,76.1,8.9,9.0,6.0,跳過,v1.3.0
2026-07-25T10:03:19.483622+00:00,2026-07-25,jingzijiao_saltflat,7.3,32.0,72.0,11153.3,81.0,0,0,0,77.2,7.8,9.0,6.0,跳過,v1.3.0
2026-07-25T10:03:21.371918+00:00,2026-07-25,guanshan_kenting,67.0,37.0,98.3,3680.0,96.0,0,0,0,81.4,3.6,9.0,6.0,跳過,v1.3.0
2026-07-25T10:03:23.234325+00:00,2026-07-25,lanyang_plain_zhuangwei,2.0,3.7,77.3,21140.0,2.0,0,0,0,25.0,35.0,28.0,12.0,出發,v1.3.0
2026-07-25T10:03:25.106005+00:00,2026-07-25,penghu_guanyinting,2.7,21.3,97.7,17073.3,63.0,0,0,0,63.0,18.5,11.1,7.4,跳過,v1.3.0
2026-07-26T10:13:36.730053+00:00,2026-07-26,jiantan_laodifang,23.7,0.0,99.7,21733.3,61.0,0,0,0,61.0,19.5,11.7,7.8,跳過,v1.3.0
2026-07-26T10:13:37.962641+00:00,2026-07-26,dadaocheng_wharf,40.3,0.3,99.3,20113.3,61.0,0,0,0,61.0,19.5,11.7,7.8,跳過,v1.3.0
2026-07-26T10:13:39.750847+00:00,2026-07-26,tamsui_fishermans_wharf,29.0,4.0,98.7,8320.0,57.0,0,0,0,25.0,35.0,28.0,12.0,出發,v1.3.0
2026-07-26T10:13:40.824876+00:00,2026-07-26,tamsui_wharf,26.3,0.7,99.3,21480.0,57.0,1,0,0,16.7,23.3,42.0,18.0,出發,v1.3.0
2026-07-26T10:14:47.138119+00:00,2026-07-26,cijin_coast,33.3,22.3,99.3,13673.3,76.0,0,0,0,74.3,10.7,9.0,6.0,跳過,v1.3.0
2026-07-26T10:14:58.964554+00:00,2026-07-26,yuguangdao,9.7,45.7,100.0,11273.3,95.0,0,0,0,81.4,3.6,9.0,6.0,跳過,v1.3.0
2026-07-26T10:15:00.051927+00:00,2026-07-26,jingzijiao_saltflat,2.7,64.0,100.0,8113.3,95.0,0,0,0,81.4,3.6,9.0,6.0,跳過,v1.3.0
2026-07-26T10:15:02.624606+00:00,2026-07-26,guanshan_kenting,42.7,28.0,98.7,4313.3,96.0,0,0,0,81.4,3.6,9.0,6.0,跳過,v1.3.0
2026-07-27T11:42:59.692072+00:00,2026-07-27,jiantan_laodifang,50.3,5.0,46.7,9226.7,77.0,0,0,0,74.9,10.1,9.0,6.0,跳過,v1.3.0
2026-07-27T11:43:01.041264+00:00,2026-07-27,dadaocheng_wharf,30.7,11.0,38.3,9300.0,77.0,0,0,0,74.9,10.1,9.0,6.0,跳過,v1.3.0
2026-07-27T11:43:02.969709+00:00,2026-07-27,tamsui_fishermans_wharf,37.7,18.3,76.3,9453.3,80.0,1,0,0,66.7,3.3,18.0,12.0,跳過,v1.3.0
2026-07-27T11:43:04.333101+00:00,2026-07-27,tamsui_wharf,19.3,11.0,41.7,11873.3,80.0,1,0,0,66.7,3.3,18.0,12.0,跳過,v1.3.0
2026-07-27T11:44:31.612807+00:00,2026-07-27,yuguangdao,3.7,12.3,100.0,22406.7,44.0,0,0,0,25.0,35.0,28.0,12.0,出發,v1.3.0
2026-07-27T11:44:32.978811+00:00,2026-07-27,jingzijiao_saltflat,6.0,14.7,100.0,12120.0,62.0,0,0,0,62.0,19.0,11.4,7.6,跳過,v1.3.0
2026-07-27T11:44:34.888340+00:00,2026-07-27,guanshan_kenting,42.7,2.0,100.0,9773.3,77.0,0,0,0,74.9,10.1,9.0,6.0,跳過,v1.3.0
2026-07-27T11:44:37.004465+00:00,2026-07-27,lanyang_plain_zhuangwei,17.0,1.0,62.7,28680.0,6.0,0,0,0,15.0,25.0,35.0,25.0,出發,v1.3.0
2026-07-28T10:46:07.214840+00:00,2026-07-28,jiantan_laodifang,8.7,0.7,99.0,27580.0,34.0,0,0,0,25.0,35.0,28.0,12.0,出發,v1.3.0
2026-07-28T10:46:08.480030+00:00,2026-07-28,dadaocheng_wharf,16.7,3.0,99.3,28533.3,34.0,0,0,0,25.0,35.0,28.0,12.0,出發,v1.3.0
2026-07-28T10:46:10.719283+00:00,2026-07-28,tamsui_fishermans_wharf,10.7,6.0,91.7,21013.3,16.0,0,0,0,25.0,35.0,28.0,12.0,出發,v1.3.0
2026-07-28T10:46:12.000200+00:00,2026-07-28,tamsui_wharf,6.7,1.7,97.3,25160.0,16.0,0,0,0,25.0,35.0,28.0,12.0,出發,v1.3.0
2026-07-28T10:46:14.596668+00:00,2026-07-28,gaomei_wetland,0.7,6.7,96.3,19706.7,66.0,0,0,0,66.0,17.0,10.2,6.8,跳過,v1.3.0
2026-07-28T10:47:09.600242+00:00,2026-07-28,cijin_coast,10.0,9.7,97.3,19440.0,44.0,1,0,0,16.7,23.3,42.0,18.0,出發,v1.3.0
2026-07-28T10:47:11.843817+00:00,2026-07-28,yuguangdao,4.7,3.0,99.0,18026.7,70.0,0,0,0,70.0,15.0,9.0,6.0,跳過,v1.3.0
2026-07-28T10:47:13.319464+00:00,2026-07-28,jingzijiao_saltflat,0.7,3.3,98.3,17620.0,76.0,1,0,0,64.6,3.4,19.2,12.8,跳過,v1.3.0
2026-07-28T10:47:15.634464+00:00,2026-07-28,guanshan_kenting,6.3,2.7,95.0,17886.7,34.0,0,0,0,25.0,35.0,28.0,12.0,出發,v1.3.0
2026-07-29T10:57:41.189790+00:00,2026-07-29,jiantan_laodifang,2.0,3.3,99.0,28520.0,44.0,0,0,0,25.0,35.0,28.0,12.0,出發,v1.3.0
2026-07-29T10:57:42.494529+00:00,2026-07-29,dadaocheng_wharf,0.7,3.0,97.3,28686.7,44.0,0,0,0,25.0,35.0,28.0,12.0,出發,v1.3.0
2026-07-29T10:57:44.646327+00:00,2026-07-29,tamsui_fishermans_wharf,4.0,9.0,95.0,29553.3,29.0,1,0,0,16.7,23.3,42.0,18.0,出發,v1.3.0
2026-07-29T10:57:45.896738+00:00,2026-07-29,tamsui_wharf,1.7,5.7,97.7,27720.0,29.0,1,0,0,16.7,23.3,42.0,18.0,出發,v1.3.0
2026-07-29T10:58:51.917882+00:00,2026-07-29,cijin_coast,4.0,44.7,75.3,25933.3,11.0,1,0,0,16.7,23.3,42.0,18.0,出發,v1.3.0
2026-07-29T10:59:04.570696+00:00,2026-07-29,yuguangdao,0.0,91.0,100.0,8293.3,49.0,0,0,0,25.0,35.0,28.0,12.0,出發,v1.3.0
2026-07-29T10:59:05.815579+00:00,2026-07-29,jingzijiao_saltflat,0.3,74.3,100.0,16040.0,62.0,1,0,0,60.1,0.9,23.4,15.6,跳過,v1.3.0
2026-07-29T10:59:08.604012+00:00,2026-07-29,guanshan_kenting,11.7,3.0,97.7,27666.7,0.0,0,0,0,25.0,35.0,28.0,12.0,出發,v1.3.0
2026-07-30T10:34:44.527359+00:00,2026-07-30,jiantan_laodifang,12.0,5.0,21.7,27206.7,45.0,0,0,0,10.0,60.0,22.0,8.0,出發,v1.3.0
2026-07-30T10:34:45.831256+00:00,2026-07-30,dadaocheng_wharf,29.7,18.0,36.3,29793.3,45.0,1,0,0,7.5,12.5,46.7,33.3,出發,v1.3.0
2026-07-30T10:34:48.254539+00:00,2026-07-30,tamsui_fishermans_wharf,14.3,4.7,2.3,20740.0,45.0,1,0,0,7.1,42.9,36.7,13.3,出發,v1.3.0
2026-07-30T10:34:49.448423+00:00,2026-07-30,tamsui_wharf,13.3,5.7,8.0,18633.3,45.0,0,0,0,10.0,60.0,22.0,8.0,出發,v1.3.0
2026-07-30T10:36:17.523985+00:00,2026-07-30,yuguangdao,6.0,0.7,99.7,26320.0,35.0,1,0,0,16.7,23.3,42.0,18.0,出發,v1.3.0
2026-07-30T10:36:18.680029+00:00,2026-07-30,jingzijiao_saltflat,6.7,0.7,94.0,19660.0,35.0,1,0,0,16.7,23.3,42.0,18.0,出發,v1.3.0
2026-07-30T10:36:21.454155+00:00,2026-07-30,guanshan_kenting,9.0,0.0,77.7,27073.3,4.0,0,0,0,25.0,35.0,28.0,12.0,出發,v1.3.0
2026-07-30T10:36:23.174117+00:00,2026-07-30,lanyang_plain_zhuangwei,0.7,72.3,63.3,28386.7,29.0,0,0,0,25.0,35.0,28.0,12.0,出發,v1.3.0
2026-07-31T11:00:16.928866+00:00,2026-07-31,jiantan_laodifang,3.3,1.0,49.3,27600.0,17.0,0,0,0,15.0,25.0,35.0,25.0,出發,v1.3.0
2026-07-31T11:00:17.758206+00:00,2026-07-31,dadaocheng_wharf,3.0,2.3,53.3,31066.7,17.0,0,0,0,15.0,25.0,35.0,25.0,出發,v1.3.0
2026-07-31T11:00:20.745709+00:00,2026-07-31,tamsui_fishermans_wharf,3.0,1.3,48.0,18286.7,6.0,0,0,0,15.0,25.0,35.0,25.0,出發,v1.3.0
2026-07-31T11:00:21.543165+00:00,2026-07-31,tamsui_wharf,4.0,1.3,50.7,20800.0,6.0,0,0,0,15.0,25.0,35.0,25.0,出發,v1.3.0
2026-07-31T11:01:50.952567+00:00,2026-07-31,yuguangdao,14.3,74.7,86.0,11640.0,56.0,0,0,0,25.0,35.0,28.0,12.0,出發,v1.3.0
2026-07-31T11:01:51.730165+00:00,2026-07-31,jingzijiao_saltflat,29.3,25.7,67.3,11900.0,55.0,1,0,0,7.5,12.5,46.7,33.3,出發,v1.3.0
2026-07-31T11:01:54.185194+00:00,2026-07-31,guanshan_kenting,3.7,0.7,77.0,23340.0,21.0,0,0,0,25.0,35.0,28.0,12.0,出發,v1.3.0
2026-07-31T11:01:56.721873+00:00,2026-07-31,lanyang_plain_zhuangwei,2.3,2.0,96.0,22946.7,47.0,1,0,0,16.7,23.3,42.0,18.0,出發,v1.3.0
2026-08-01T10:11:55.045144+00:00,2026-08-01,jiantan_laodifang,8.7,4.3,34.0,22113.3,25.0,1,0,0,7.5,12.5,46.7,33.3,出發,v1.3.0
2026-08-01T10:11:55.829904+00:00,2026-08-01,dadaocheng_wharf,8.7,2.7,14.7,30053.3,25.0,1,0,0,7.1,42.9,36.7,13.3,出發,v1.3.0
2026-08-01T10:11:58.065936+00:00,2026-08-01,tamsui_fishermans_wharf,2.3,3.0,17.0,26440.0,15.0,0,0,0,10.0,60.0,22.0,8.0,出發,v1.3.0
2026-08-01T10:11:58.827813+00:00,2026-08-01,tamsui_wharf,4.3,3.7,19.7,26493.3,15.0,1,0,0,7.1,42.9,36.7,13.3,出發,v1.3.0
2026-08-01T10:12:00.997080+00:00,2026-08-01,gaomei_wetland,7.3,3.7,52.7,26213.3,45.0,0,0,0,15.0,25.0,35.0,25.0,出發,v1.3.0
2026-08-01T10:12:55.043401+00:00,2026-08-01,cijin_coast,6.0,0.3,99.3,26660.0,0.0,0,0,0,25.0,35.0,28.0,12.0,出發,v1.3.0
2026-08-01T10:13:07.268004+00:00,2026-08-01,yuguangdao,0.0,0.0,99.3,27160.0,18.0,0,0,0,25.0,35.0,28.0,12.0,出發,v1.3.0
2026-08-01T10:13:08.066438+00:00,2026-08-01,jingzijiao_saltflat,8.0,0.3,99.0,20866.7,28.0,0,0,0,25.0,35.0,28.0,12.0,出發,v1.3.0
2026-08-01T10:13:11.186679+00:00,2026-08-01,guanshan_kenting,19.7,0.0,98.7,25686.7,13.0,0,0,0,25.0,35.0,28.0,12.0,出發,v1.3.0
2026-08-01T10:13:45.773246+00:00,2026-08-01,penghu_guanyinting,0.0,0.0,93.7,22300.0,0.0,0,0,0,25.0,35.0,28.0,12.0,出發,v1.3.0
2026-08-02T10:10:24.914937+00:00,2026-08-02,jiantan_laodifang,0.3,0.0,98.0,29840.0,24.0,1,0,0,16.7,23.3,42.0,18.0,出發,v1.3.0
2026-08-02T10:10:25.750603+00:00,2026-08-02,dadaocheng_wharf,1.7,0.0,98.3,31013.3,24.0,0,0,0,25.0,35.0,28.0,12.0,出發,v1.3.0
2026-08-02T10:10:28.301262+00:00,2026-08-02,tamsui_fishermans_wharf,0.0,0.0,96.7,31240.0,0.0,0,0,0,25.0,35.0,28.0,12.0,出發,v1.3.0
2026-08-02T10:10:29.122679+00:00,2026-08-02,tamsui_wharf,0.0,0.0,97.7,29733.3,0.0,1,0,0,16.7,23.3,42.0,18.0,出發,v1.3.0
2026-08-02T10:10:31.343968+00:00,2026-08-02,gaomei_wetland,0.3,1.7,99.0,24606.7,26.0,0,0,0,25.0,35.0,28.0,12.0,出發,v1.3.0
2026-08-02T10:11:46.769423+00:00,2026-08-02,yuguangdao,8.3,7.0,93.3,17373.3,81.0,0,0,0,77.2,7.8,9.0,6.0,跳過,v1.3.0
2026-08-02T10:11:57.684685+00:00,2026-08-02,jingzijiao_saltflat,7.3,10.0,64.7,17300.0,67.0,1,0,0,61.0,2.5,21.9,14.6,跳過,v1.3.0
2026-08-02T10:11:59.802716+00:00,2026-08-02,guanshan_kenting,7.3,6.7,57.7,19700.0,54.0,1,0,0,7.5,12.5,46.7,33.3,出發,v1.3.0
2026-08-02T10:12:02.462798+00:00,2026-08-02,lanyang_plain_zhuangwei,3.0,0.0,76.3,28320.0,10.0,0,0,0,25.0,35.0,28.0,12.0,出發,v1.3.0
2026-08-03T11:47:19.052130+00:00,2026-08-03,jiantan_laodifang,0.3,0.0,96.3,28860.0,0.0,0,0,0,25.0,35.0,28.0,12.0,出發,v1.3.0
2026-08-03T11:47:19.829124+00:00,2026-08-03,dadaocheng_wharf,0.3,0.0,90.3,30946.7,0.0,0,0,0,25.0,35.0,28.0,12.0,出發,v1.3.0
2026-08-03T11:47:25.543377+00:00,2026-08-03,tamsui_fishermans_wharf,0.0,0.0,98.0,30240.0,0.0,0,0,0,25.0,35.0,28.0,12.0,出發,v1.3.0
2026-08-03T11:47:58.060162+00:00,2026-08-03,gaomei_wetland,8.3,6.0,55.3,23013.3,67.0,0,0,0,67.0,16.5,9.9,6.6,跳過,v1.3.0
2026-08-03T11:48:11.209777+00:00,2026-08-03,wanggong_fishing_port,9.7,7.7,67.7,16346.7,11.0,0,0,0,15.0,25.0,35.0,25.0,出發,v1.3.0
2026-08-03T11:48:13.672104+00:00,2026-08-03,xiziwan,20.7,18.7,93.0,7380.0,63.0,0,0,0,63.0,18.5,11.1,7.4,跳過,v1.3.0
2026-08-03T11:48:56.857543+00:00,2026-08-03,jingzijiao_saltflat,17.7,4.3,63.3,13913.3,32.0,0,0,0,15.0,25.0,35.0,25.0,出發,v1.3.0
2026-08-03T11:48:59.742709+00:00,2026-08-03,guanshan_kenting,1.3,0.0,38.0,32806.7,24.0,0,0,0,15.0,25.0,35.0,25.0,出發,v1.3.0
2026-08-04T10:58:17.795971+00:00,2026-08-04,jiantan_laodifang,35.3,0.7,0.3,23353.3,3.0,0,0,0,30.0,46.7,17.1,6.2,跳過,v1.3.0
2026-08-04T10:58:18.759477+00:00,2026-08-04,dadaocheng_wharf,34.0,0.3,0.3,31833.3,3.0,0,0,0,30.0,46.7,17.1,6.2,跳過,v1.3.0
2026-08-04T10:58:21.374379+00:00,2026-08-04,tamsui_fishermans_wharf,7.3,0.7,1.3,27840.0,7.0,0,0,0,10.0,60.0,22.0,8.0,出發,v1.3.0
2026-08-04T10:58:22.522438+00:00,2026-08-04,tamsui_wharf,16.0,0.7,0.7,25140.0,7.0,0,0,0,10.0,60.0,22.0,8.0,出發,v1.3.0
2026-08-04T10:59:52.297683+00:00,2026-08-04,yuguangdao,2.0,3.0,1.0,26773.3,18.0,0,0,0,10.0,60.0,22.0,8.0,出發,v1.3.0
2026-08-04T10:59:53.226547+00:00,2026-08-04,jingzijiao_saltflat,11.0,7.0,12.7,16793.3,68.0,0,0,0,68.0,16.0,9.6,6.4,跳過,v1.3.0
2026-08-04T10:59:56.143309+00:00,2026-08-04,guanshan_kenting,5.0,3.0,1.3,21586.7,30.0,1,0,0,7.1,42.9,36.7,13.3,出發,v1.3.0
2026-08-04T10:59:58.406668+00:00,2026-08-04,lanyang_plain_zhuangwei,9.0,2.3,0.0,21180.0,16.0,0,0,0,10.0,60.0,22.0,8.0,出發,v1.3.0
2026-08-05T10:47:05.011353+00:00,2026-08-05,jiantan_laodifang,5.0,1.7,0.0,21040.0,56.0,0,0,0,10.0,60.0,22.0,8.0,出發,v1.3.0
2026-08-05T10:47:06.294305+00:00,2026-08-05,dadaocheng_wharf,5.7,1.7,0.3,25526.7,56.0,0,0,0,10.0,60.0,22.0,8.0,出發,v1.3.0
2026-08-05T10:47:08.549269+00:00,2026-08-05,tamsui_fishermans_wharf,6.7,2.7,2.0,20926.7,13.0,1,0,0,7.1,42.9,36.7,13.3,出發,v1.3.0
2026-08-05T10:47:09.805553+00:00,2026-08-05,tamsui_wharf,5.7,2.3,0.7,20520.0,13.0,1,0,0,7.1,42.9,36.7,13.3,出發,v1.3.0
2026-08-05T10:47:11.535990+00:00,2026-08-05,gaomei_wetland,11.7,28.7,2.3,16520.0,91.0,0,0,0,90.0,5.0,3.0,2.0,跳過,v1.3.0
2026-08-05T10:48:46.761198+00:00,2026-08-05,jingzijiao_saltflat,17.0,22.3,0.0,18513.3,73.0,0,0,0,73.0,13.5,8.1,5.4,跳過,v1.3.0
2026-08-05T10:48:49.586790+00:00,2026-08-05,guanshan_kenting,8.3,3.3,0.0,30333.3,47.0,1,0,0,7.1,42.9,36.7,13.3,出發,v1.3.0
2026-08-05T10:48:51.690044+00:00,2026-08-05,lanyang_plain_zhuangwei,12.0,1.3,0.0,11673.3,62.0,0,0,0,62.0,19.0,11.4,7.6,跳過,v1.3.0
2026-08-06T10:55:56.118923+00:00,2026-08-06,jiantan_laodifang,16.3,2.0,2.0,15206.7,78.0,1,0,0,65.6,3.4,18.6,12.4,跳過,v1.3.0
2026-08-06T10:55:57.652767+00:00,2026-08-06,dadaocheng_wharf,10.3,3.3,7.0,17320.0,78.0,1,0,0,65.6,3.4,18.6,12.4,跳過,v1.3.0
2026-08-06T10:55:59.575001+00:00,2026-08-06,tamsui_fishermans_wharf,4.7,4.0,11.3,22546.7,60.0,1,0,0,7.1,42.9,36.7,13.3,出發,v1.3.0
2026-08-06T10:56:00.915859+00:00,2026-08-06,tamsui_wharf,13.7,3.0,5.7,20906.7,60.0,1,0,0,7.1,42.9,36.7,13.3,出發,v1.3.0
2026-08-06T10:57:31.000263+00:00,2026-08-06,yuguangdao,12.3,10.0,17.3,13433.3,68.0,0,0,0,68.0,16.0,9.6,6.4,跳過,v1.3.0
2026-08-06T10:57:32.347080+00:00,2026-08-06,jingzijiao_saltflat,0.7,2.7,21.3,14266.7,70.0,0,0,0,70.0,15.0,9.0,6.0,跳過,v1.3.0
2026-08-06T10:57:34.396452+00:00,2026-08-06,guanshan_kenting,1.0,1.3,0.0,28140.0,14.0,1,0,0,7.1,42.9,36.7,13.3,出發,v1.3.0
2026-08-06T10:57:36.532961+00:00,2026-08-06,lanyang_plain_zhuangwei,3.7,11.3,1.7,24753.3,73.0,1,0,0,63.2,3.3,20.1,13.4,跳過,v1.3.0
2026-08-07T09:17:07.467291+00:00,2026-08-07,jiantan_laodifang,11.3,5.0,99.7,23293.3,13.0,1,0,0,16.7,23.3,42.0,18.0,出發,v1.3.0
2026-08-07T09:17:08.699205+00:00,2026-08-07,dadaocheng_wharf,10.7,2.0,99.7,29760.0,13.0,1,0,0,16.7,23.3,42.0,18.0,出發,v1.3.0
2026-08-07T09:17:11.480364+00:00,2026-08-07,tamsui_fishermans_wharf,5.3,0.7,98.3,29300.0,18.0,1,0,0,16.7,23.3,42.0,18.0,出發,v1.3.0
2026-08-07T09:17:12.497358+00:00,2026-08-07,tamsui_wharf,8.7,3.0,99.3,27026.7,18.0,1,0,0,16.7,23.3,42.0,18.0,出發,v1.3.0
2026-08-07T09:17:58.253492+00:00,2026-08-07,xiziwan,9.0,2.3,61.7,27153.3,14.0,1,0,0,7.5,12.5,46.7,33.3,出發,v1.3.0
2026-08-07T09:18:09.530337+00:00,2026-08-07,cijin_coast,9.0,2.3,61.7,27153.3,14.0,1,0,0,7.5,12.5,46.7,33.3,出發,v1.3.0
2026-08-07T09:18:11.880425+00:00,2026-08-07,yuguangdao,0.7,0.3,89.0,26846.7,40.0,1,0,0,16.7,23.3,42.0,18.0,出發,v1.3.0
2026-08-07T09:18:12.894007+00:00,2026-08-07,jingzijiao_saltflat,0.0,0.0,90.3,24773.3,35.0,0,0,0,25.0,35.0,28.0,12.0,出發,v1.3.0
2026-08-07T09:18:15.440750+00:00,2026-08-07,guanshan_kenting,10.0,4.7,30.3,17573.3,79.0,1,0,0,66.1,3.4,18.3,12.2,跳過,v1.3.0
2026-08-07T09:18:38.887819+00:00,2026-08-07,penghu_guanyinting,0.0,0.7,76.7,23860.0,1.0,0,0,0,25.0,35.0,28.0,12.0,出發,v1.3.0
2026-08-08T09:03:06.861855+00:00,2026-08-08,jiantan_laodifang,67.0,98.3,100.0,2066.7,99.0,0,0,0,81.4,3.6,9.0,6.0,跳過,v1.3.0
2026-08-08T09:03:08.130970+00:00,2026-08-08,dadaocheng_wharf,44.0,96.3,100.0,2033.3,99.0,0,0,0,81.4,3.6,9.0,6.0,跳過,v1.3.0
2026-08-08T09:03:10.428684+00:00,2026-08-08,tamsui_fishermans_wharf,11.7,98.3,100.0,2333.3,97.0,0,0,0,81.4,3.6,9.0,6.0,跳過,v1.3.0
2026-08-08T09:03:11.731674+00:00,2026-08-08,tamsui_wharf,22.7,96.0,100.0,2106.7,97.0,0,0,0,81.4,3.6,9.0,6.0,跳過,v1.3.0
2026-08-08T09:03:13.731629+00:00,2026-08-08,gaomei_wetland,3.3,10.0,84.7,17560.0,71.0,0,0,0,70.8,14.2,9.0,6.0,跳過,v1.3.0
2026-08-08T09:04:48.827531+00:00,2026-08-08,jingzijiao_saltflat,0.3,9.0,87.3,25086.7,16.0,0,0,0,25.0,35.0,28.0,12.0,出發,v1.3.0
2026-08-08T09:04:50.570734+00:00,2026-08-08,guanshan_kenting,0.7,0.0,91.3,28073.3,34.0,1,0,0,16.7,23.3,42.0,18.0,出發,v1.3.0
2026-08-08T09:04:52.943820+00:00,2026-08-08,lanyang_plain_zhuangwei,31.0,66.7,99.3,3786.7,91.0,0,0,0,81.4,3.6,9.0,6.0,跳過,v1.3.0
2026-08-08T09:04:54.787289+00:00,2026-08-08,penghu_guanyinting,1.0,46.7,97.3,20780.0,21.0,0,0,0,25.0,35.0,28.0,12.0,出發,v1.3.0
2026-08-09T09:04:35.344431+00:00,2026-08-09,jiantan_laodifang,11.3,70.0,93.0,26046.7,55.0,1,0,0,16.7,23.3,42.0,18.0,出發,v1.3.0
2026-08-09T09:04:36.428162+00:00,2026-08-09,dadaocheng_wharf,8.0,91.7,97.0,26466.7,55.0,0,0,0,25.0,35.0,28.0,12.0,出發,v1.3.0
2026-08-09T09:04:38.734756+00:00,2026-08-09,tamsui_fishermans_wharf,0.7,49.3,96.7,24833.3,50.0,0,0,0,25.0,35.0,28.0,12.0,出發,v1.3.0
2026-08-09T09:04:39.769367+00:00,2026-08-09,tamsui_wharf,5.3,57.3,90.7,26126.7,50.0,0,0,0,25.0,35.0,28.0,12.0,出發,v1.3.0
2026-08-09T09:04:41.772797+00:00,2026-08-09,gaomei_wetland,26.0,96.0,94.0,5873.3,96.0,0,0,0,81.4,3.6,9.0,6.0,跳過,v1.3.0
2026-08-09T09:04:43.697317+00:00,2026-08-09,wanggong_fishing_port,33.7,96.7,98.7,9626.7,80.0,0,0,0,76.7,8.3,9.0,6.0,跳過,v1.3.0
2026-08-09T09:04:46.931223+00:00,2026-08-09,xiziwan,6.0,13.0,99.7,24120.0,60.0,1,0,0,16.7,23.3,42.0,18.0,出發,v1.3.0
2026-08-09T09:05:20.032750+00:00,2026-08-09,yuguangdao,11.7,50.3,67.3,17613.3,62.0,0,0,0,62.0,19.0,11.4,7.6,跳過,v1.3.0
2026-08-09T09:05:52.666771+00:00,2026-08-09,guanshan_kenting,3.0,1.0,99.7,16733.3,77.0,1,0,0,65.1,3.4,18.9,12.6,跳過,v1.3.0
2026-08-09T09:06:04.994923+00:00,2026-08-09,lanyang_plain_zhuangwei,2.7,71.0,99.3,19566.7,52.0,1,0,0,16.7,23.3,42.0,18.0,出發,v1.3.0
2026-08-09T09:06:07.738956+00:00,2026-08-09,penghu_guanyinting,16.0,49.0,99.3,18213.3,52.0,0,0,0,25.0,35.0,28.0,12.0,出發,v1.3.0
2026-08-10T09:50:32.667810+00:00,2026-08-10,jiantan_laodifang,94.0,54.7,92.7,3113.3,96.0,0,0,0,81.4,3.6,9.0,6.0,跳過,v1.3.0
2026-08-10T09:50:33.459178+00:00,2026-08-10,dadaocheng_wharf,39.0,63.3,91.7,4180.0,96.0,0,0,0,81.4,3.6,9.0,6.0,跳過,v1.3.0
2026-08-10T09:50:35.691507+00:00,2026-08-10,tamsui_fishermans_wharf,29.0,72.0,91.7,8320.0,92.0,0,0,0,81.4,3.6,9.0,6.0,跳過,v1.3.0
2026-08-10T09:50:36.491934+00:00,2026-08-10,tamsui_wharf,50.3,45.7,91.7,5053.3,92.0,0,0,0,81.4,3.6,9.0,6.0,跳過,v1.3.0
2026-08-10T09:50:38.120297+00:00,2026-08-10,gaomei_wetland,5.0,42.0,97.7,20560.0,81.0,1,0,0,67.2,3.3,17.7,11.8,跳過,v1.3.0
2026-08-10T09:51:21.271506+00:00,2026-08-10,cijin_coast,11.7,12.7,90.0,13440.0,44.0,1,0,0,16.7,23.3,42.0,18.0,出發,v1.3.0
2026-08-10T09:51:32.833196+00:00,2026-08-10,yuguangdao,24.3,58.3,93.3,12213.3,69.0,0,0,0,69.0,15.5,9.3,6.2,跳過,v1.3.0
2026-08-10T09:51:33.636378+00:00,2026-08-10,jingzijiao_saltflat,15.0,80.7,96.0,10060.0,59.0,0,0,0,25.0,35.0,28.0,12.0,出發,v1.3.0
2026-08-10T09:51:35.583392+00:00,2026-08-10,guanshan_kenting,1.0,4.7,23.7,22406.7,87.0,1,0,0,70.9,2.6,15.9,10.6,跳過,v1.3.0
2026-08-10T09:51:37.933216+00:00,2026-08-10,lanyang_plain_zhuangwei,78.0,23.0,93.3,4386.7,99.0,0,0,0,81.4,3.6,9.0,6.0,跳過,v1.3.0
2026-08-11T09:15:33.480365+00:00,2026-08-11,jiantan_laodifang,17.0,3.0,99.7,14146.7,55.0,0,0,0,25.0,35.0,28.0,12.0,出發,v1.3.0
2026-08-11T09:15:34.339439+00:00,2026-08-11,dadaocheng_wharf,8.3,3.0,99.7,15506.7,55.0,1,0,0,16.7,23.3,42.0,18.0,出發,v1.3.0
2026-08-11T09:15:35.793951+00:00,2026-08-11,tamsui_fishermans_wharf,38.0,3.0,100.0,18733.3,65.0,1,0,0,60.6,1.9,22.5,15.0,跳過,v1.3.0
2026-08-11T09:15:36.603345+00:00,2026-08-11,tamsui_wharf,35.3,2.7,100.0,19593.3,65.0,1,0,0,60.6,1.9,22.5,15.0,跳過,v1.3.0
2026-08-11T09:17:06.834054+00:00,2026-08-11,yuguangdao,18.7,8.7,99.7,11406.7,50.0,0,0,0,25.0,35.0,28.0,12.0,出發,v1.3.0
2026-08-11T09:17:07.696657+00:00,2026-08-11,jingzijiao_saltflat,9.3,8.3,99.0,16106.7,51.0,1,0,0,16.7,23.3,42.0,18.0,出發,v1.3.0
2026-08-11T09:17:10.923292+00:00,2026-08-11,guanshan_kenting,18.3,6.0,43.0,11253.3,94.0,0,0,0,81.4,3.6,9.0,6.0,跳過,v1.3.0
2026-08-11T09:17:12.829484+00:00,2026-08-11,lanyang_plain_zhuangwei,7.7,9.0,100.0,14146.7,74.0,0,0,0,73.0,12.0,9.0,6.0,跳過,v1.3.0
2026-08-12T09:33:14.728532+00:00,2026-08-12,jiantan_laodifang,4.3,19.0,92.3,12653.3,69.0,1,0,0,61.7,2.8,21.3,14.2,跳過,v1.3.0
2026-08-12T09:33:15.625890+00:00,2026-08-12,dadaocheng_wharf,2.3,12.3,95.3,14226.7,69.0,0,0,0,69.0,15.5,9.3,6.2,跳過,v1.3.0
2026-08-12T09:33:17.268065+00:00,2026-08-12,tamsui_fishermans_wharf,9.3,3.7,87.7,15160.0,38.0,0,0,0,25.0,35.0,28.0,12.0,出發,v1.3.0
2026-08-12T09:33:18.068526+00:00,2026-08-12,tamsui_wharf,6.7,15.0,89.0,12353.3,38.0,0,0,0,25.0,35.0,28.0,12.0,出發,v1.3.0
2026-08-12T09:33:19.776605+00:00,2026-08-12,gaomei_wetland,1.0,14.3,85.7,19820.0,77.0,1,0,0,65.1,3.4,18.9,12.6,跳過,v1.3.0
2026-08-12T09:34:24.950222+00:00,2026-08-12,yuguangdao,2.0,1.7,94.0,23373.3,43.0,0,0,0,25.0,35.0,28.0,12.0,出發,v1.3.0
2026-08-12T09:34:25.752428+00:00,2026-08-12,jingzijiao_saltflat,0.0,0.3,96.3,25553.3,36.0,1,0,0,16.7,23.3,42.0,18.0,出發,v1.3.0
2026-08-12T09:34:27.663692+00:00,2026-08-12,guanshan_kenting,14.0,2.3,98.3,14166.7,92.0,0,0,0,81.4,3.6,9.0,6.0,跳過,v1.3.0
2026-08-12T09:34:29.759283+00:00,2026-08-12,lanyang_plain_zhuangwei,15.3,9.7,82.7,10800.0,93.0,0,0,0,81.4,3.6,9.0,6.0,跳過,v1.3.0
2026-08-13T09:34:58.996216+00:00,2026-08-13,jiantan_laodifang,2.3,8.3,38.0,22240.0,73.0,0,0,0,72.3,12.7,9.0,6.0,跳過,v1.3.0
2026-08-13T09:35:00.029261+00:00,2026-08-13,dadaocheng_wharf,2.7,5.0,45.0,25406.7,73.0,1,0,0,63.2,3.3,20.1,13.4,跳過,v1.3.0
2026-08-13T09:35:02.183848+00:00,2026-08-13,tamsui_fishermans_wharf,4.7,1.0,72.3,19960.0,47.0,1,0,0,16.7,23.3,42.0,18.0,出發,v1.3.0
2026-08-13T09:35:03.210650+00:00,2026-08-13,tamsui_wharf,3.7,3.7,51.3,20866.7,47.0,0,0,0,15.0,25.0,35.0,25.0,出發,v1.3.0
2026-08-13T09:35:04.931811+00:00,2026-08-13,gaomei_wetland,4.0,0.3,68.7,17146.7,85.0,1,0,0,69.6,2.9,16.5,11.0,跳過,v1.3.0
2026-08-13T09:36:50.481550+00:00,2026-08-13,guanshan_kenting,57.3,18.7,97.3,7060.0,95.0,0,0,0,81.4,3.6,9.0,6.0,跳過,v1.3.0
2026-08-13T09:36:52.159106+00:00,2026-08-13,lanyang_plain_zhuangwei,0.0,4.0,40.7,7246.7,73.0,0,0,0,72.3,12.7,9.0,6.0,跳過,v1.3.0
2026-08-13T09:36:54.266785+00:00,2026-08-13,penghu_guanyinting,1.3,0.3,98.3,17893.3,0.0,0,0,0,25.0,35.0,28.0,12.0,出發,v1.3.0
2026-08-14T09:29:12.929681+00:00,2026-08-14,jiantan_laodifang,8.0,15.7,15.7,11373.3,85.0,1,0,0,69.6,2.9,16.5,11.0,跳過,v1.3.0
2026-08-14T09:29:13.736583+00:00,2026-08-14,dadaocheng_wharf,5.3,13.0,17.3,12053.3,85.0,1,0,0,69.6,2.9,16.5,11.0,跳過,v1.3.0
2026-08-14T09:29:15.520960+00:00,2026-08-14,tamsui_fishermans_wharf,27.7,35.7,20.0,4066.7,85.0,0,0,0,79.2,5.8,9.0,6.0,跳過,v1.3.0
2026-08-14T09:29:16.318308+00:00,2026-08-14,tamsui_wharf,11.3,27.3,19.7,7473.3,85.0,0,0,0,85.0,7.5,4.5,3.0,跳過,v1.3.0
2026-08-14T09:29:18.742182+00:00,2026-08-14,gaomei_wetland,19.3,7.7,5.0,10220.0,89.0,1,0,0,72.2,2.3,15.3,10.2,跳過,v1.3.0
2026-08-14T09:31:06.072417+00:00,2026-08-14,guanshan_kenting,41.3,5.3,32.3,5520.0,96.0,0,0,0,81.4,3.6,9.0,6.0,跳過,v1.3.0
2026-08-14T09:31:07.707826+00:00,2026-08-14,lanyang_plain_zhuangwei,6.3,19.7,57.7,10380.0,86.0,0,0,0,79.7,5.3,9.0,6.0,跳過,v1.3.0
2026-08-14T09:31:09.812977+00:00,2026-08-14,penghu_guanyinting,0.3,5.3,8.3,11493.3,27.0,0,0,0,10.0,60.0,22.0,8.0,出發,v1.3.0
2026-08-15T08:47:05.540265+00:00,2026-08-15,jiantan_laodifang,19.0,8.0,91.7,6220.0,82.0,0,0,0,77.7,7.3,9.0,6.0,跳過,v1.3.0
2026-08-15T08:47:06.826387+00:00,2026-08-15,dadaocheng_wharf,2.0,4.0,91.3,8640.0,82.0,0,0,0,77.7,7.3,9.0,6.0,跳過,v1.3.0
2026-08-15T08:47:08.464448+00:00,2026-08-15,tamsui_fishermans_wharf,3.7,3.7,75.3,12933.3,81.0,0,0,0,77.2,7.8,9.0,6.0,跳過,v1.3.0
2026-08-15T08:47:09.673509+00:00,2026-08-15,tamsui_wharf,3.0,4.7,87.0,8400.0,81.0,0,0,0,77.2,7.8,9.0,6.0,跳過,v1.3.0
2026-08-15T08:47:11.693188+00:00,2026-08-15,gaomei_wetland,7.0,41.0,69.0,14040.0,89.0,0,0,0,81.0,4.0,9.0,6.0,跳過,v1.3.0
2026-08-15T08:48:58.383950+00:00,2026-08-15,guanshan_kenting,70.7,19.7,99.0,6400.0,100.0,0,0,0,81.4,3.6,9.0,6.0,跳過,v1.3.0
2026-08-15T08:49:00.642114+00:00,2026-08-15,lanyang_plain_zhuangwei,1.3,31.7,96.0,9673.3,93.0,0,0,0,81.4,3.6,9.0,6.0,跳過,v1.3.0
2026-08-15T08:49:02.238953+00:00,2026-08-15,penghu_guanyinting,19.7,97.3,99.3,11713.3,40.0,1,0,0,16.7,23.3,42.0,18.0,出發,v1.3.0
2026-08-16T08:48:45.373052+00:00,2026-08-16,jiantan_laodifang,7.7,20.7,91.0,13393.3,80.0,0,0,0,76.7,8.3,9.0,6.0,跳過,v1.3.0
2026-08-16T08:48:46.726552+00:00,2026-08-16,dadaocheng_wharf,1.3,26.0,87.0,13560.0,80.0,0,0,0,76.7,8.3,9.0,6.0,跳過,v1.3.0
2026-08-16T08:48:48.954589+00:00,2026-08-16,tamsui_fishermans_wharf,0.3,29.3,94.7,8320.0,84.0,0,0,0,78.8,6.2,9.0,6.0,跳過,v1.3.0
2026-08-16T08:48:50.448645+00:00,2026-08-16,tamsui_wharf,2.0,21.3,92.3,11166.7,84.0,0,0,0,78.8,6.2,9.0,6.0,跳過,v1.3.0
2026-08-16T08:49:55.948323+00:00,2026-08-16,cijin_coast,3.0,9.3,99.7,19613.3,34.0,1,0,0,16.7,23.3,42.0,18.0,出發,v1.3.0
2026-08-16T08:50:09.052899+00:00,2026-08-16,yuguangdao,0.7,7.0,87.7,22006.7,57.0,1,0,0,16.7,23.3,42.0,18.0,出發,v1.3.0
2026-08-16T08:50:11.021047+00:00,2026-08-16,jingzijiao_saltflat,3.0,1.0,94.0,9213.3,58.0,0,0,0,25.0,35.0,28.0,12.0,出發,v1.3.0
2026-08-16T08:50:14.468581+00:00,2026-08-16,guanshan_kenting,12.7,9.0,99.7,23706.7,48.0,1,0,0,16.7,23.3,42.0,18.0,出發,v1.3.0
2026-08-17T09:02:52.939871+00:00,2026-08-17,jiantan_laodifang,18.7,0.3,0.0,19440.0,36.0,1,0,0,7.1,42.9,36.7,13.3,出發,v1.3.0
2026-08-17T09:02:53.743499+00:00,2026-08-17,dadaocheng_wharf,3.7,0.3,0.0,22173.3,36.0,1,0,0,7.1,42.9,36.7,13.3,出發,v1.3.0
2026-08-17T09:02:55.725863+00:00,2026-08-17,tamsui_fishermans_wharf,3.7,0.0,0.0,23266.7,31.0,1,0,0,7.1,42.9,36.7,13.3,出發,v1.3.0
2026-08-17T09:02:56.492419+00:00,2026-08-17,tamsui_wharf,6.3,0.0,0.0,21420.0,31.0,1,0,0,7.1,42.9,36.7,13.3,出發,v1.3.0
2026-08-17T09:02:58.284557+00:00,2026-08-17,gaomei_wetland,14.3,4.0,45.0,12640.0,89.0,0,0,0,81.0,4.0,9.0,6.0,跳過,v1.3.0
2026-08-17T09:04:04.002961+00:00,2026-08-17,yuguangdao,94.7,10.7,96.7,3973.3,95.0,0,0,0,81.4,3.6,9.0,6.0,跳過,v1.3.0
2026-08-17T09:04:14.932478+00:00,2026-08-17,jingzijiao_saltflat,45.3,15.0,93.3,3893.3,99.0,0,0,0,81.4,3.6,9.0,6.0,跳過,v1.3.0
2026-08-17T09:04:16.606385+00:00,2026-08-17,guanshan_kenting,42.3,18.7,76.7,8433.3,90.0,0,0,0,81.4,3.6,9.0,6.0,跳過,v1.3.0
2026-08-17T09:04:19.152158+00:00,2026-08-17,lanyang_plain_zhuangwei,31.3,12.3,0.0,5033.3,92.0,0,0,0,90.0,5.0,3.0,2.0,跳過,v1.3.0
2026-08-17T09:04:20.574370+00:00,2026-08-17,penghu_guanyinting,8.3,4.3,23.3,18513.3,0.0,0,0,0,10.0,60.0,22.0,8.0,出發,v1.3.0
2026-08-18T08:54:57.970926+00:00,2026-08-18,jiantan_laodifang,18.3,3.7,0.3,14780.0,1.0,1,0,0,7.1,42.9,36.7,13.3,出發,v1.3.0
2026-08-18T08:54:58.857503+00:00,2026-08-18,dadaocheng_wharf,34.0,3.3,0.0,14966.7,1.0,0,0,0,30.0,46.7,17.1,6.2,跳過,v1.3.0
2026-08-18T08:55:01.030950+00:00,2026-08-18,tamsui_fishermans_wharf,10.7,1.7,2.3,19146.7,0.0,0,0,0,10.0,60.0,22.0,8.0,出發,v1.3.0
2026-08-18T08:55:01.826597+00:00,2026-08-18,tamsui_wharf,17.0,1.7,0.7,17366.7,0.0,0,0,0,10.0,60.0,22.0,8.0,出發,v1.3.0
2026-08-18T08:55:04.143841+00:00,2026-08-18,gaomei_wetland,2.7,4.3,71.3,18373.3,36.0,1,0,0,16.7,23.3,42.0,18.0,出發,v1.3.0
2026-08-18T08:56:51.215997+00:00,2026-08-18,guanshan_kenting,44.0,16.7,44.7,7140.0,100.0,0,0,0,81.4,3.6,9.0,6.0,跳過,v1.3.0
2026-08-18T08:56:53.403813+00:00,2026-08-18,lanyang_plain_zhuangwei,86.0,24.3,0.0,5726.7,95.0,0,0,0,90.0,5.0,3.0,2.0,跳過,v1.3.0
2026-08-18T08:56:55.768168+00:00,2026-08-18,penghu_guanyinting,0.0,2.0,89.7,17473.3,4.0,0,0,0,25.0,35.0,28.0,12.0,出發,v1.3.0
2026-08-19T08:56:47.551415+00:00,2026-08-19,jiantan_laodifang,98.0,11.3,48.3,4393.3,78.0,0,0,0,81.4,3.6,9.0,6.0,跳過,v1.3.0
2026-08-19T08:56:48.795248+00:00,2026-08-19,dadaocheng_wharf,57.0,8.3,41.0,8266.7,78.0,0,0,0,75.5,9.5,9.0,6.0,跳過,v1.3.0
2026-08-19T08:56:50.913013+00:00,2026-08-19,tamsui_fishermans_wharf,32.7,2.0,44.3,7333.3,91.0,0,0,0,81.4,3.6,9.0,6.0,跳過,v1.3.0
2026-08-19T08:56:52.130624+00:00,2026-08-19,tamsui_wharf,76.3,5.3,45.0,6246.7,91.0,0,0,0,81.4,3.6,9.0,6.0,跳過,v1.3.0
2026-08-19T08:56:54.239149+00:00,2026-08-19,gaomei_wetland,35.7,15.0,68.3,4626.7,91.0,0,0,0,81.4,3.6,9.0,6.0,跳過,v1.3.0
2026-08-19T08:58:09.725855+00:00,2026-08-19,yuguangdao,41.3,80.3,99.3,2566.7,98.0,0,0,0,81.4,3.6,9.0,6.0,跳過,v1.3.0
2026-08-19T08:58:21.130859+00:00,2026-08-19,jingzijiao_saltflat,56.7,51.7,95.3,6786.7,94.0,0,0,0,81.4,3.6,9.0,6.0,跳過,v1.3.0
2026-08-19T08:58:22.828829+00:00,2026-08-19,guanshan_kenting,16.7,24.3,49.3,21000.0,61.0,0,0,0,61.0,19.5,11.7,7.8,跳過,v1.3.0
2026-08-19T08:58:25.092059+00:00,2026-08-19,lanyang_plain_zhuangwei,53.7,23.3,56.0,6113.3,95.0,0,0,0,81.4,3.6,9.0,6.0,跳過,v1.3.0
2026-08-20T08:58:02.977342+00:00,2026-08-20,jiantan_laodifang,26.3,55.3,63.7,4153.3,97.0,0,0,0,81.4,3.6,9.0,6.0,跳過,v1.3.0
2026-08-20T08:58:04.318341+00:00,2026-08-20,dadaocheng_wharf,17.3,48.7,76.3,5866.7,97.0,0,0,0,81.4,3.6,9.0,6.0,跳過,v1.3.0
2026-08-20T08:58:06.775765+00:00,2026-08-20,tamsui_fishermans_wharf,9.3,48.7,71.7,4733.3,90.0,0,0,0,81.4,3.6,9.0,6.0,跳過,v1.3.0
2026-08-20T08:58:07.941799+00:00,2026-08-20,tamsui_wharf,25.0,43.0,73.3,4080.0,90.0,0,0,0,81.4,3.6,9.0,6.0,跳過,v1.3.0
2026-08-20T08:58:10.272532+00:00,2026-08-20,gaomei_wetland,17.3,55.0,62.0,6213.3,100.0,0,0,0,81.4,3.6,9.0,6.0,跳過,v1.3.0
2026-08-20T08:58:53.659341+00:00,2026-08-20,cijin_coast,43.0,55.0,97.7,6620.0,100.0,0,0,0,81.4,3.6,9.0,6.0,跳過,v1.3.0
2026-08-20T08:59:06.587655+00:00,2026-08-20,yuguangdao,50.0,70.7,95.3,3613.3,99.0,0,0,0,81.4,3.6,9.0,6.0,跳過,v1.3.0
2026-08-20T08:59:07.757767+00:00,2026-08-20,jingzijiao_saltflat,28.7,58.0,91.0,4113.3,97.0,0,0,0,81.4,3.6,9.0,6.0,跳過,v1.3.0
2026-08-20T08:59:10.513056+00:00,2026-08-20,guanshan_kenting,30.0,86.7,89.7,4013.3,100.0,0,0,0,81.4,3.6,9.0,6.0,跳過,v1.3.0
2026-08-20T08:59:33.529514+00:00,2026-08-20,penghu_guanyinting,58.3,61.0,44.0,2886.7,80.0,0,0,0,76.7,8.3,9.0,6.0,跳過,v1.3.0
2026-08-21T09:00:15.223462+00:00,2026-08-21,jiantan_laodifang,99.0,43.0,61.0,1873.3,95.0,0,0,0,81.4,3.6,9.0,6.0,跳過,v1.3.0
2026-08-21T09:00:16.601574+00:00,2026-08-21,dadaocheng_wharf,85.7,40.7,67.3,3306.7,95.0,0,0,0,81.4,3.6,9.0,6.0,跳過,v1.3.0
2026-08-21T09:00:18.779796+00:00,2026-08-21,tamsui_fishermans_wharf,86.3,37.0,67.7,2433.3,96.0,0,0,0,81.4,3.6,9.0,6.0,跳過,v1.3.0
2026-08-21T09:00:20.099089+00:00,2026-08-21,tamsui_wharf,98.3,22.0,58.7,2446.7,96.0,0,0,0,81.4,3.6,9.0,6.0,跳過,v1.3.0
2026-08-21T09:01:46.150349+00:00,2026-08-21,yuguangdao,43.7,99.3,100.0,1986.7,100.0,0,0,0,81.4,3.6,9.0,6.0,跳過,v1.3.0
2026-08-21T09:01:47.397880+00:00,2026-08-21,jingzijiao_saltflat,76.7,97.3,99.7,1660.0,100.0,0,0,0,81.4,3.6,9.0,6.0,跳過,v1.3.0
2026-08-21T09:01:49.539571+00:00,2026-08-21,guanshan_kenting,67.7,74.3,100.0,2446.7,100.0,0,0,0,81.4,3.6,9.0,6.0,跳過,v1.3.0
2026-08-21T09:01:51.669313+00:00,2026-08-21,lanyang_plain_zhuangwei,22.0,40.7,88.7,7526.7,99.0,0,0,0,81.4,3.6,9.0,6.0,跳過,v1.3.0
2026-08-22T08:50:11.476500+00:00,2026-08-22,jiantan_laodifang,78.0,65.3,94.7,1520.0,98.0,0,0,0,81.4,3.6,9.0,6.0,跳過,v1.3.0
2026-08-22T08:50:12.846207+00:00,2026-08-22,dadaocheng_wharf,12.3,28.7,87.0,4713.3,98.0,0,0,0,81.4,3.6,9.0,6.0,跳過,v1.3.0
2026-08-22T08:50:15.780867+00:00,2026-08-22,tamsui_fishermans_wharf,17.0,60.7,88.7,2600.0,100.0,0,0,0,81.4,3.6,9.0,6.0,跳過,v1.3.0
2026-08-22T08:50:17.109459+00:00,2026-08-22,tamsui_wharf,31.3,60.3,91.7,3500.0,100.0,0,0,0,81.4,3.6,9.0,6.0,跳過,v1.3.0
2026-08-22T08:51:45.716239+00:00,2026-08-22,yuguangdao,74.0,100.0,100.0,2726.7,100.0,0,0,0,81.4,3.6,9.0,6.0,跳過,v1.3.0
2026-08-22T08:51:47.000607+00:00,2026-08-22,jingzijiao_saltflat,91.0,100.0,100.0,2686.7,100.0,0,0,0,81.4,3.6,9.0,6.0,跳過,v1.3.0
2026-08-22T08:51:49.872404+00:00,2026-08-22,guanshan_kenting,79.3,95.7,100.0,2186.7,100.0,0,0,0,81.4,3.6,9.0,6.0,跳過,v1.3.0
2026-08-23T08:50:43.839912+00:00,2026-08-23,jiantan_laodifang,78.7,60.3,94.3,11126.7,86.0,0,0,0,79.7,5.3,9.0,6.0,跳過,v1.3.0
2026-08-23T08:50:45.044808+00:00,2026-08-23,dadaocheng_wharf,69.0,68.0,95.3,11693.3,86.0,1,0,0,70.2,2.8,16.2,10.8,跳過,v1.3.0
2026-08-23T08:50:46.738728+00:00,2026-08-23,tamsui_fishermans_wharf,6.3,21.3,93.3,11086.7,77.0,1,0,0,65.1,3.4,18.9,12.6,跳過,v1.3.0
2026-08-23T08:50:47.915276+00:00,2026-08-23,tamsui_wharf,40.0,32.3,95.0,13606.7,77.0,1,0,0,65.1,3.4,18.9,12.6,跳過,v1.3.0
2026-08-23T08:50:50.017487+00:00,2026-08-23,gaomei_wetland,36.3,25.3,64.0,8513.3,100.0,1,0,0,72.9,2.1,15.0,10.0,跳過,v1.3.0
2026-08-23T08:52:05.489291+00:00,2026-08-23,yuguangdao,61.3,90.3,100.0,2013.3,100.0,0,0,0,81.4,3.6,9.0,6.0,跳過,v1.3.0
2026-08-23T08:52:06.597556+00:00,2026-08-23,jingzijiao_saltflat,12.3,99.0,99.7,2413.3,100.0,0,0,0,81.4,3.6,9.0,6.0,跳過,v1.3.0
2026-08-23T08:52:08.254735+00:00,2026-08-23,guanshan_kenting,47.7,96.0,100.0,1986.7,100.0,0,0,0,81.4,3.6,9.0,6.0,跳過,v1.3.0
2026-08-23T08:52:11.283306+00:00,2026-08-23,lanyang_plain_zhuangwei,67.0,67.7,97.3,3633.3,91.0,0,0,0,81.4,3.6,9.0,6.0,跳過,v1.3.0
2026-08-23T08:52:13.298295+00:00,2026-08-23,penghu_guanyinting,31.3,94.7,77.3,6666.7,96.0,0,0,0,81.4,3.6,9.0,6.0,跳過,v1.3.0
2026-08-24T09:06:43.885205+00:00,2026-08-24,jiantan_laodifang,57.3,90.7,100.0,2713.3,100.0,0,0,0,81.4,3.6,9.0,6.0,跳過,v1.3.0
2026-08-24T09:06:45.134950+00:00,2026-08-24,dadaocheng_wharf,81.3,93.3,100.0,2893.3,100.0,0,0,0,81.4,3.6,9.0,6.0,跳過,v1.3.0
2026-08-24T09:06:47.432910+00:00,2026-08-24,tamsui_fishermans_wharf,47.7,66.0,100.0,2926.7,100.0,0,0,0,81.4,3.6,9.0,6.0,跳過,v1.3.0
2026-08-24T09:06:48.468089+00:00,2026-08-24,tamsui_wharf,61.0,66.3,100.0,2640.0,100.0,0,0,0,81.4,3.6,9.0,6.0,跳過,v1.3.0
2026-08-24T09:06:50.722068+00:00,2026-08-24,gaomei_wetland,28.0,100.0,100.0,960.0,99.0,0,0,0,81.4,3.6,9.0,6.0,跳過,v1.3.0
2026-08-24T09:08:06.618959+00:00,2026-08-24,yuguangdao,99.7,100.0,100.0,1126.7,100.0,0,0,0,81.4,3.6,9.0,6.0,跳過,v1.3.0
2026-08-24T09:08:17.864949+00:00,2026-08-24,jingzijiao_saltflat,100.0,100.0,100.0,1153.3,100.0,0,0,0,81.4,3.6,9.0,6.0,跳過,v1.3.0
2026-08-24T09:08:20.921081+00:00,2026-08-24,guanshan_kenting,28.0,84.0,100.0,3086.7,100.0,0,0,0,81.4,3.6,9.0,6.0,跳過,v1.3.0
2026-08-25T09:01:50.323257+00:00,2026-08-25,jiantan_laodifang,72.0,51.3,99.7,2020.0,96.0,0,0,0,81.4,3.6,9.0,6.0,跳過,v1.3.0
2026-08-25T09:01:51.380929+00:00,2026-08-25,dadaocheng_wharf,15.3,67.0,100.0,6180.0,96.0,0,0,0,81.4,3.6,9.0,6.0,跳過,v1.3.0
2026-08-25T09:01:54.364216+00:00,2026-08-25,tamsui_fishermans_wharf,11.7,97.3,99.3,3913.3,91.0,0,0,0,81.4,3.6,9.0,6.0,跳過,v1.3.0
2026-08-25T09:01:55.338063+00:00,2026-08-25,tamsui_wharf,57.7,64.3,99.3,4080.0,91.0,0,0,0,81.4,3.6,9.0,6.0,跳過,v1.3.0
2026-08-25T09:03:25.839552+00:00,2026-08-25,yuguangdao,3.7,26.7,99.0,16700.0,81.0,1,0,0,67.2,3.3,17.7,11.8,跳過,v1.3.0
2026-08-25T09:03:26.789083+00:00,2026-08-25,jingzijiao_saltflat,1.3,37.7,100.0,18113.3,79.0,1,0,0,66.1,3.4,18.3,12.2,跳過,v1.3.0
2026-08-25T09:03:28.307590+00:00,2026-08-25,guanshan_kenting,21.3,5.0,100.0,8553.3,86.0,0,0,0,79.7,5.3,9.0,6.0,跳過,v1.3.0
2026-08-25T09:03:31.223265+00:00,2026-08-25,lanyang_plain_zhuangwei,10.3,73.3,94.7,8380.0,90.0,0,0,0,81.4,3.6,9.0,6.0,跳過,v1.3.0
2026-08-26T09:04:38.447692+00:00,2026-08-26,jiantan_laodifang,8.3,6.3,32.7,17060.0,56.0,0,0,0,15.0,25.0,35.0,25.0,出發,v1.3.0
2026-08-26T09:04:39.231756+00:00,2026-08-26,dadaocheng_wharf,22.0,16.3,35.7,14073.3,56.0,0,0,0,15.0,25.0,35.0,25.0,出發,v1.3.0
2026-08-26T09:04:41.599186+00:00,2026-08-26,tamsui_fishermans_wharf,9.3,10.3,35.0,18453.3,26.0,0,0,0,15.0,25.0,35.0,25.0,出發,v1.3.0
2026-08-26T09:04:42.379028+00:00,2026-08-26,tamsui_wharf,12.0,8.3,33.0,18006.7,26.0,0,0,0,15.0,25.0,35.0,25.0,出發,v1.3.0
2026-08-26T09:04:44.780859+00:00,2026-08-26,gaomei_wetland,16.0,45.3,17.7,10720.0,84.0,0,0,0,84.0,8.0,4.8,3.2,跳過,v1.3.0
2026-08-26T09:06:01.436582+00:00,2026-08-26,yuguangdao,4.0,17.7,96.3,8326.7,88.0,0,0,0,80.6,4.4,9.0,6.0,跳過,v1.3.0
2026-08-26T09:06:12.374583+00:00,2026-08-26,jingzijiao_saltflat,6.3,62.0,92.0,10546.7,84.0,0,0,0,78.8,6.2,9.0,6.0,跳過,v1.3.0
2026-08-26T09:06:14.716252+00:00,2026-08-26,guanshan_kenting,16.3,5.7,98.7,15253.3,61.0,1,0,0,60.0,0.5,23.7,15.8,跳過,v1.3.0
2026-08-27T19:06:22.149300+00:00,2026-08-28,jiantan_laodifang,0.3,48.7,99.7,26393.3,13.0,0,0,0,25.0,35.0,28.0,12.0,出發,v1.3.0
2026-08-27T19:06:23.421030+00:00,2026-08-28,dadaocheng_wharf,0.3,23.7,99.7,24446.7,13.0,0,0,0,25.0,35.0,28.0,12.0,出發,v1.3.0
2026-08-27T19:06:25.296225+00:00,2026-08-28,tamsui_fishermans_wharf,0.0,13.3,99.3,23980.0,16.0,0,0,0,25.0,35.0,28.0,12.0,出發,v1.3.0
2026-08-27T19:06:26.638471+00:00,2026-08-28,tamsui_wharf,0.0,18.0,99.7,26620.0,16.0,0,0,0,25.0,35.0,28.0,12.0,出發,v1.3.0
2026-08-27T19:07:53.704317+00:00,2026-08-28,yuguangdao,30.3,23.7,98.3,7033.3,78.0,0,0,0,75.5,9.5,9.0,6.0,跳過,v1.3.0
2026-08-27T19:07:54.989412+00:00,2026-08-28,jingzijiao_saltflat,9.7,8.0,99.3,10833.3,71.0,0,0,0,70.8,14.2,9.0,6.0,跳過,v1.3.0
2026-08-27T19:07:56.680087+00:00,2026-08-28,guanshan_kenting,64.0,30.7,98.0,4433.3,83.0,0,0,0,78.3,6.7,9.0,6.0,跳過,v1.3.0
2026-08-27T19:07:58.394879+00:00,2026-08-28,lanyang_plain_zhuangwei,5.7,32.3,100.0,18486.7,12.0,1,0,0,16.7,23.3,42.0,18.0,出發,v1.3.0
2026-08-28T20:13:08.947623+00:00,2026-08-29,jiantan_laodifang,43.7,43.3,27.3,3073.3,92.0,0,0,0,81.4,3.6,9.0,6.0,跳過,v1.3.0
2026-08-28T20:13:09.750646+00:00,2026-08-29,dadaocheng_wharf,51.0,27.0,32.7,4686.7,92.0,0,0,0,81.4,3.6,9.0,6.0,跳過,v1.3.0
2026-08-28T20:13:11.420634+00:00,2026-08-29,tamsui_fishermans_wharf,25.0,29.3,31.3,4360.0,77.0,0,0,0,74.9,10.1,9.0,6.0,跳過,v1.3.0
2026-08-28T20:13:12.214095+00:00,2026-08-29,tamsui_wharf,43.7,17.3,29.3,2820.0,77.0,0,0,0,74.9,10.1,9.0,6.0,跳過,v1.3.0
2026-08-28T20:13:14.515940+00:00,2026-08-29,gaomei_wetland,12.0,17.0,86.0,5913.3,98.0,0,0,0,81.4,3.6,9.0,6.0,跳過,v1.3.0
2026-08-28T20:14:39.250633+00:00,2026-08-29,jingzijiao_saltflat,6.3,4.0,96.7,12540.0,93.0,1,0,0,72.9,2.1,15.0,10.0,跳過,v1.3.0
2026-08-28T20:14:50.816360+00:00,2026-08-29,guanshan_kenting,33.0,3.3,97.7,11146.7,97.0,1,0,0,72.9,2.1,15.0,10.0,跳過,v1.3.0
2026-08-28T20:14:52.500337+00:00,2026-08-29,lanyang_plain_zhuangwei,2.3,36.0,23.0,11980.0,89.0,0,0,0,81.0,4.0,9.0,6.0,跳過,v1.3.0
2026-08-28T20:14:55.395774+00:00,2026-08-29,penghu_guanyinting,18.3,17.7,98.3,8580.0,70.0,0,0,0,70.0,15.0,9.0,6.0,跳過,v1.3.0
2026-08-29T13:51:21.257396+00:00,2026-08-29,jiantan_laodifang,28.3,46.3,38.7,6686.7,92.0,0,0,0,81.4,3.6,9.0,6.0,跳過,v1.3.0
2026-08-29T13:51:22.059178+00:00,2026-08-29,dadaocheng_wharf,11.3,47.3,55.3,7853.3,92.0,0,0,0,81.4,3.6,9.0,6.0,跳過,v1.3.0
2026-08-29T13:51:23.826833+00:00,2026-08-29,tamsui_fishermans_wharf,9.3,29.0,65.3,16480.0,58.0,1,0,0,7.5,12.5,46.7,33.3,出發,v1.3.0
2026-08-29T13:51:24.635264+00:00,2026-08-29,tamsui_wharf,11.7,31.0,52.0,13726.7,58.0,1,0,0,7.5,12.5,46.7,33.3,出發,v1.3.0
2026-08-29T13:51:26.425262+00:00,2026-08-29,gaomei_wetland,19.0,12.3,98.7,7000.0,95.0,0,0,0,81.4,3.6,9.0,6.0,跳過,v1.3.0
2026-08-29T13:53:13.625466+00:00,2026-08-29,guanshan_kenting,15.3,3.7,53.7,13073.3,95.0,0,0,0,81.4,3.6,9.0,6.0,跳過,v1.3.0
2026-08-29T13:53:16.175955+00:00,2026-08-29,lanyang_plain_zhuangwei,6.7,26.7,70.3,12553.3,89.0,0,0,0,81.0,4.0,9.0,6.0,跳過,v1.3.0
2026-08-29T13:53:17.602854+00:00,2026-08-29,penghu_guanyinting,19.7,10.0,99.3,11546.7,79.0,1,0,0,66.1,3.4,18.3,12.2,跳過,v1.3.0
2026-08-30T13:49:39.713086+00:00,2026-08-30,jiantan_laodifang,46.3,5.0,0.3,14380.0,91.0,0,0,0,90.0,5.0,3.0,2.0,跳過,v1.3.0
2026-08-30T13:49:41.326264+00:00,2026-08-30,dadaocheng_wharf,72.7,15.3,0.7,10900.0,91.0,0,0,0,90.0,5.0,3.0,2.0,跳過,v1.3.0
2026-08-30T13:49:43.837364+00:00,2026-08-30,tamsui_fishermans_wharf,63.0,14.3,5.3,11726.7,80.0,1,0,0,66.7,3.3,18.0,12.0,跳過,v1.3.0
2026-08-30T13:49:45.198064+00:00,2026-08-30,tamsui_wharf,55.0,7.3,2.7,10080.0,80.0,0,0,0,80.0,10.0,6.0,4.0,跳過,v1.3.0
2026-08-30T13:51:12.278198+00:00,2026-08-30,yuguangdao,5.0,37.3,98.0,12693.3,54.0,0,0,0,25.0,35.0,28.0,12.0,出發,v1.3.0
2026-08-30T13:51:13.603092+00:00,2026-08-30,jingzijiao_saltflat,1.7,26.7,98.3,11620.0,61.0,0,0,0,61.0,19.5,11.7,7.8,跳過,v1.3.0
2026-08-30T13:51:15.604362+00:00,2026-08-30,guanshan_kenting,22.0,100.0,100.0,4053.3,99.0,0,0,0,81.4,3.6,9.0,6.0,跳過,v1.3.0
2026-08-30T13:51:17.738023+00:00,2026-08-30,lanyang_plain_zhuangwei,4.0,1.7,1.7,20520.0,14.0,0,0,0,10.0,60.0,22.0,8.0,出發,v1.3.0
2026-09-01T13:31:12.929266+00:00,2026-09-01,jiantan_laodifang,66.3,95.0,97.0,2860.0,89.0,0,0,0,81.0,4.0,9.0,6.0,跳過,v1.3.0
2026-09-01T13:31:14.139421+00:00,2026-09-01,dadaocheng_wharf,78.3,83.7,94.7,3393.3,89.0,0,0,0,81.0,4.0,9.0,6.0,跳過,v1.3.0
2026-09-01T13:31:16.833511+00:00,2026-09-01,tamsui_fishermans_wharf,68.7,92.7,99.7,3026.7,90.0,0,0,0,81.4,3.6,9.0,6.0,跳過,v1.3.0
2026-09-01T13:31:17.975901+00:00,2026-09-01,tamsui_wharf,100.0,97.7,97.0,3266.7,90.0,0,0,0,81.4,3.6,9.0,6.0,跳過,v1.3.0
2026-09-01T13:32:23.939330+00:00,2026-09-01,cijin_coast,3.0,95.3,100.0,2620.0,100.0,0,0,0,81.4,3.6,9.0,6.0,跳過,v1.3.0
2026-09-01T13:32:26.077530+00:00,2026-09-01,yuguangdao,9.0,77.7,100.0,2673.3,100.0,0,0,0,81.4,3.6,9.0,6.0,跳過,v1.3.0
2026-09-01T13:32:27.192005+00:00,2026-09-01,jingzijiao_saltflat,11.3,61.7,100.0,1866.7,100.0,0,0,0,81.4,3.6,9.0,6.0,跳過,v1.3.0
2026-09-01T13:32:29.038294+00:00,2026-09-01,guanshan_kenting,21.0,92.7,100.0,3566.7,100.0,0,0,0,81.4,3.6,9.0,6.0,跳過,v1.3.0
2026-09-02T12:48:01.863239+00:00,2026-09-02,jiantan_laodifang,20.0,63.0,76.3,15973.3,29.0,0,0,0,25.0,35.0,28.0,12.0,出發,v1.3.0
2026-09-02T12:48:03.005200+00:00,2026-09-02,dadaocheng_wharf,13.0,83.0,66.3,15600.0,29.0,0,0,0,25.0,35.0,28.0,12.0,出發,v1.3.0
2026-09-02T12:48:06.866058+00:00,2026-09-02,tamsui_fishermans_wharf,10.7,75.3,64.3,22806.7,17.0,1,0,0,16.7,23.3,42.0,18.0,出發,v1.3.0
2026-09-02T12:48:07.995101+00:00,2026-09-02,tamsui_wharf,14.0,67.7,71.7,20120.0,17.0,1,0,0,16.7,23.3,42.0,18.0,出發,v1.3.0
2026-09-02T12:48:19.527101+00:00,2026-09-02,gaomei_wetland,0.7,93.7,45.3,16493.3,64.0,0,0,0,64.0,18.0,10.8,7.2,跳過,v1.3.0
2026-09-02T12:48:31.417210+00:00,2026-09-02,wanggong_fishing_port,4.0,53.3,72.3,17653.3,70.0,0,0,0,70.0,15.0,9.0,6.0,跳過,v1.3.0
2026-09-02T12:48:33.555818+00:00,2026-09-02,xiziwan,59.0,42.0,97.7,5220.0,100.0,0,0,0,81.4,3.6,9.0,6.0,跳過,v1.3.0
2026-09-02T12:48:34.685552+00:00,2026-09-02,cijin_coast,59.0,42.0,97.7,5220.0,100.0,0,0,0,81.4,3.6,9.0,6.0,跳過,v1.3.0
2026-09-02T12:49:40.200400+00:00,2026-09-02,lanyang_plain_zhuangwei,7.7,34.0,91.3,15160.0,49.0,0,0,0,25.0,35.0,28.0,12.0,出發,v1.3.0
2026-09-02T12:49:51.985621+00:00,2026-09-02,penghu_guanyinting,90.3,89.7,99.0,2653.3,97.0,0,0,0,81.4,3.6,9.0,6.0,跳過,v1.3.0
2026-09-03T12:51:08.902666+00:00,2026-09-03,jiantan_laodifang,98.3,96.7,99.7,1373.3,88.0,0,0,0,81.4,3.6,9.0,6.0,跳過,v1.3.0
2026-09-03T12:51:09.682642+00:00,2026-09-03,dadaocheng_wharf,49.0,99.3,99.7,5840.0,88.0,0,0,0,80.6,4.4,9.0,6.0,跳過,v1.3.0
2026-09-03T12:51:11.268903+00:00,2026-09-03,tamsui_fishermans_wharf,72.0,100.0,100.0,4333.3,94.0,0,0,0,81.4,3.6,9.0,6.0,跳過,v1.3.0
2026-09-03T12:51:12.094050+00:00,2026-09-03,tamsui_wharf,78.0,99.7,100.0,5173.3,94.0,0,0,0,81.4,3.6,9.0,6.0,跳過,v1.3.0
2026-09-03T12:51:14.719169+00:00,2026-09-03,gaomei_wetland,10.7,36.3,99.3,5900.0,96.0,0,0,0,81.4,3.6,9.0,6.0,跳過,v1.3.0
2026-09-03T12:52:29.960342+00:00,2026-09-03,yuguangdao,25.7,41.3,100.0,6553.3,60.0,0,0,0,25.0,35.0,28.0,12.0,出發,v1.3.0
2026-09-03T12:52:40.974934+00:00,2026-09-03,jingzijiao_saltflat,6.7,27.7,100.0,10180.0,58.0,0,0,0,25.0,35.0,28.0,12.0,出發,v1.3.0
2026-09-03T12:52:42.437860+00:00,2026-09-03,guanshan_kenting,32.7,46.7,99.3,13780.0,100.0,0,0,0,81.4,3.6,9.0,6.0,跳過,v1.3.0
2026-09-03T12:52:44.261662+00:00,2026-09-03,lanyang_plain_zhuangwei,90.3,100.0,99.3,5433.3,98.0,0,0,0,81.4,3.6,9.0,6.0,跳過,v1.3.0
2026-09-03T12:52:45.865202+00:00,2026-09-03,penghu_guanyinting,1.0,32.0,100.0,18493.3,25.0,0,0,0,25.0,35.0,28.0,12.0,出發,v1.3.0
2026-09-04T12:45:16.220028+00:00,2026-09-04,jiantan_laodifang,60.0,100.0,99.3,3793.3,100.0,0,0,0,81.4,3.6,9.0,6.0,跳過,v1.3.0
2026-09-04T12:45:17.745889+00:00,2026-09-04,dadaocheng_wharf,46.0,100.0,98.7,3000.0,100.0,0,0,0,81.4,3.6,9.0,6.0,跳過,v1.3.0
2026-09-04T12:45:20.477522+00:00,2026-09-04,tamsui_fishermans_wharf,68.3,100.0,100.0,2753.3,97.0,0,0,0,81.4,3.6,9.0,6.0,跳過,v1.3.0
2026-09-04T12:45:22.058200+00:00,2026-09-04,tamsui_wharf,63.3,100.0,100.0,2700.0,97.0,0,0,0,81.4,3.6,9.0,6.0,跳過,v1.3.0
2026-09-04T12:46:27.484867+00:00,2026-09-04,cijin_coast,21.7,13.0,97.3,14440.0,21.0,0,0,0,25.0,35.0,28.0,12.0,出發,v1.3.0
2026-09-04T12:46:29.794915+00:00,2026-09-04,yuguangdao,8.7,6.7,97.0,12413.3,54.0,0,0,0,25.0,35.0,28.0,12.0,出發,v1.3.0
2026-09-04T12:46:31.103613+00:00,2026-09-04,jingzijiao_saltflat,12.7,3.7,95.7,13393.3,52.0,0,0,0,25.0,35.0,28.0,12.0,出發,v1.3.0
2026-09-04T12:46:33.565341+00:00,2026-09-04,guanshan_kenting,5.7,4.7,72.3,16606.7,11.0,1,0,0,16.7,23.3,42.0,18.0,出發,v1.3.0
2026-09-04T12:46:35.273668+00:00,2026-09-04,lanyang_plain_zhuangwei,7.3,69.3,94.0,3700.0,95.0,0,0,0,81.4,3.6,9.0,6.0,跳過,v1.3.0
2026-09-05T11:51:11.789290+00:00,2026-09-05,jiantan_laodifang,21.0,5.0,0.0,9766.7,75.0,0,0,0,75.0,12.5,7.5,5.0,跳過,v1.3.0
2026-09-05T11:51:13.032141+00:00,2026-09-05,dadaocheng_wharf,9.7,5.3,0.0,11933.3,75.0,0,0,0,75.0,12.5,7.5,5.0,跳過,v1.3.0
2026-09-05T11:51:14.922864+00:00,2026-09-05,tamsui_fishermans_wharf,14.0,5.0,0.0,12813.3,81.0,1,0,0,67.2,3.3,17.7,11.8,跳過,v1.3.0
2026-09-05T11:51:15.986747+00:00,2026-09-05,tamsui_wharf,17.0,3.3,0.0,11286.7,81.0,0,0,0,81.0,9.5,5.7,3.8,跳過,v1.3.0
2026-09-05T11:51:17.734357+00:00,2026-09-05,gaomei_wetland,2.0,5.7,0.0,20326.7,5.0,0,0,0,10.0,60.0,22.0,8.0,出發,v1.3.0
2026-09-05T11:52:01.251864+00:00,2026-09-05,cijin_coast,6.0,12.0,99.0,14520.0,28.0,0,0,0,25.0,35.0,28.0,12.0,出發,v1.3.0
2026-09-05T11:52:13.809854+00:00,2026-09-05,yuguangdao,19.3,11.3,96.7,16400.0,82.0,0,0,0,77.7,7.3,9.0,6.0,跳過,v1.3.0
2026-09-05T11:52:14.825078+00:00,2026-09-05,jingzijiao_saltflat,13.3,5.7,95.7,19386.7,74.0,1,0,0,63.6,3.4,19.8,13.2,跳過,v1.3.0
2026-09-05T11:52:16.362667+00:00,2026-09-05,guanshan_kenting,17.7,19.3,86.7,12660.0,5.0,0,0,0,25.0,35.0,28.0,12.0,出發,v1.3.0
2026-09-05T11:52:39.859257+00:00,2026-09-05,penghu_guanyinting,0.0,6.7,40.7,20673.3,0.0,0,0,0,15.0,25.0,35.0,25.0,出發,v1.3.0
2026-09-06T12:10:11.088116+00:00,2026-09-06,jiantan_laodifang,100.0,49.0,12.7,1313.3,100.0,0,0,0,90.0,5.0,3.0,2.0,跳過,v1.3.0
2026-09-06T12:10:11.561134+00:00,2026-09-06,dadaocheng_wharf,75.0,88.3,4.7,4293.3,100.0,0,0,0,90.0,5.0,3.0,2.0,跳過,v1.3.0
2026-09-06T12:10:13.783072+00:00,2026-09-06,tamsui_fishermans_wharf,75.7,91.7,6.3,2740.0,100.0,0,0,0,90.0,5.0,3.0,2.0,跳過,v1.3.0
2026-09-06T12:10:14.146331+00:00,2026-09-06,tamsui_wharf,82.3,76.7,10.3,2560.0,100.0,0,0,0,90.0,5.0,3.0,2.0,跳過,v1.3.0
2026-09-06T12:10:15.869768+00:00,2026-09-06,gaomei_wetland,3.7,2.0,0.0,19300.0,10.0,0,0,0,10.0,60.0,22.0,8.0,出發,v1.3.0
2026-09-06T12:11:40.297492+00:00,2026-09-06,jingzijiao_saltflat,1.7,0.3,3.0,23900.0,0.0,0,0,0,10.0,60.0,22.0,8.0,出發,v1.3.0
2026-09-06T12:11:52.018660+00:00,2026-09-06,guanshan_kenting,3.3,2.0,43.0,21746.7,20.0,0,0,0,15.0,25.0,35.0,25.0,出發,v1.3.0
2026-09-06T12:11:52.919501+00:00,2026-09-06,lanyang_plain_zhuangwei,80.7,53.7,17.0,7006.7,98.0,0,0,0,90.0,5.0,3.0,2.0,跳過,v1.3.0
2026-09-06T12:11:54.008898+00:00,2026-09-06,penghu_guanyinting,0.0,2.0,0.0,21520.0,0.0,0,0,0,10.0,60.0,22.0,8.0,出發,v1.3.0
2026-09-07T14:16:40.815793+00:00,2026-09-07,jiantan_laodifang,0.3,0.3,0.0,27953.3,0.0,0,0,0,10.0,60.0,22.0,8.0,出發,v1.3.0
2026-09-07T14:16:41.937165+00:00,2026-09-07,dadaocheng_wharf,1.3,1.3,0.0,27800.0,0.0,0,0,0,10.0,60.0,22.0,8.0,出發,v1.3.0
2026-09-07T14:16:44.899231+00:00,2026-09-07,tamsui_fishermans_wharf,0.7,0.7,0.0,26246.7,0.0,0,0,0,10.0,60.0,22.0,8.0,出發,v1.3.0
2026-09-07T14:16:46.006949+00:00,2026-09-07,tamsui_wharf,0.7,0.7,0.0,26993.3,0.0,0,0,0,10.0,60.0,22.0,8.0,出發,v1.3.0
2026-09-07T14:18:13.376904+00:00,2026-09-07,yuguangdao,0.0,0.3,0.0,25353.3,15.0,0,0,0,10.0,60.0,22.0,8.0,出發,v1.3.0
2026-09-07T14:18:14.531991+00:00,2026-09-07,jingzijiao_saltflat,0.0,0.7,0.0,25606.7,0.0,0,0,0,10.0,60.0,22.0,8.0,出發,v1.3.0
2026-09-07T14:18:16.981063+00:00,2026-09-07,guanshan_kenting,21.7,11.3,0.3,15713.3,76.0,0,0,0,76.0,12.0,7.2,4.8,跳過,v1.3.0
2026-09-07T14:18:18.880962+00:00,2026-09-07,lanyang_plain_zhuangwei,3.3,0.0,0.0,29240.0,0.0,0,0,0,10.0,60.0,22.0,8.0,出發,v1.3.0
2026-09-08T12:53:53.445994+00:00,2026-09-08,jiantan_laodifang,6.3,11.0,0.0,24300.0,43.0,1,0,0,7.1,42.9,36.7,13.3,出發,v1.3.0
2026-09-08T12:53:54.289923+00:00,2026-09-08,dadaocheng_wharf,11.0,12.3,0.0,18766.7,43.0,0,0,0,10.0,60.0,22.0,8.0,出發,v1.3.0
2026-09-08T12:53:56.636421+00:00,2026-09-08,tamsui_fishermans_wharf,6.7,10.7,0.0,24886.7,12.0,0,0,0,10.0,60.0,22.0,8.0,出發,v1.3.0
2026-09-08T12:53:57.724657+00:00,2026-09-08,tamsui_wharf,7.3,15.3,0.0,25900.0,12.0,1,0,0,7.1,42.9,36.7,13.3,出發,v1.3.0
2026-09-08T12:55:28.121824+00:00,2026-09-08,yuguangdao,0.0,1.0,0.7,25273.3,37.0,1,0,0,7.1,42.9,36.7,13.3,出發,v1.3.0
2026-09-08T12:55:29.048232+00:00,2026-09-08,jingzijiao_saltflat,0.0,0.3,2.3,25520.0,1.0,1,0,0,7.1,42.9,36.7,13.3,出發,v1.3.0
2026-09-08T12:55:30.456511+00:00,2026-09-08,guanshan_kenting,14.3,12.3,0.0,14880.0,72.0,0,0,0,72.0,14.0,8.4,5.6,跳過,v1.3.0
2026-09-08T12:55:31.987067+00:00,2026-09-08,lanyang_plain_zhuangwei,17.0,30.0,0.0,19480.0,57.0,0,0,0,15.0,25.0,35.0,25.0,出發,v1.3.0
2026-09-08T12:55:34.160660+00:00,2026-09-08,penghu_guanyinting,0.0,1.3,0.0,23006.7,0.0,0,0,0,10.0,60.0,22.0,8.0,出發,v1.3.0
2026-09-09T12:59:11.466366+00:00,2026-09-09,jiantan_laodifang,11.3,35.0,0.0,9966.7,59.0,0,0,0,15.0,25.0,35.0,25.0,出發,v1.3.0
2026-09-09T12:59:12.767752+00:00,2026-09-09,dadaocheng_wharf,9.0,53.3,0.0,12553.3,59.0,0,0,0,15.0,25.0,35.0,25.0,出發,v1.3.0
2026-09-09T12:59:15.447439+00:00,2026-09-09,tamsui_fishermans_wharf,3.0,50.7,0.0,15893.3,85.0,1,0,0,69.6,2.9,16.5,11.0,跳過,v1.3.0
2026-09-09T12:59:16.701976+00:00,2026-09-09,tamsui_wharf,2.7,48.0,0.0,13000.0,85.0,1,0,0,69.6,2.9,16.5,11.0,跳過,v1.3.0
2026-09-09T13:00:47.005971+00:00,2026-09-09,yuguangdao,2.3,12.3,0.0,20140.0,57.0,1,0,0,7.1,42.9,36.7,13.3,出發,v1.3.0
2026-09-09T13:00:48.251866+00:00,2026-09-09,jingzijiao_saltflat,2.3,14.0,0.0,25440.0,68.0,1,0,0,61.3,2.7,21.6,14.4,跳過,v1.3.0
2026-09-09T13:00:50.635631+00:00,2026-09-09,guanshan_kenting,2.0,2.3,76.7,27626.7,0.0,1,0,0,16.7,23.3,42.0,18.0,出發,v1.3.0
2026-09-09T13:00:53.190459+00:00,2026-09-09,lanyang_plain_zhuangwei,14.3,38.7,0.0,18666.7,95.0,1,0,0,72.9,2.1,15.0,10.0,跳過,v1.3.0
2026-09-10T12:56:45.447533+00:00,2026-09-10,jiantan_laodifang,36.7,25.3,0.3,5700.0,2.0,0,0,0,30.0,46.7,17.1,6.2,跳過,v1.3.0
2026-09-10T12:56:46.913001+00:00,2026-09-10,dadaocheng_wharf,34.7,28.7,0.0,9140.0,2.0,0,0,0,30.0,46.7,17.1,6.2,跳過,v1.3.0
2026-09-10T12:56:49.084741+00:00,2026-09-10,tamsui_fishermans_wharf,29.3,17.3,0.0,11966.7,80.0,1,0,0,66.7,3.3,18.0,12.0,跳過,v1.3.0
2026-09-10T12:56:50.411581+00:00,2026-09-10,tamsui_wharf,32.0,21.3,0.0,7993.3,80.0,0,0,0,80.0,10.0,6.0,4.0,跳過,v1.3.0
2026-09-10T12:57:55.946026+00:00,2026-09-10,cijin_coast,8.7,11.0,0.0,27526.7,0.0,0,0,0,10.0,60.0,22.0,8.0,出發,v1.3.0
2026-09-10T12:58:08.446301+00:00,2026-09-10,yuguangdao,0.0,5.3,0.0,25120.0,0.0,0,0,0,10.0,60.0,22.0,8.0,出發,v1.3.0
2026-09-10T12:58:09.853229+00:00,2026-09-10,jingzijiao_saltflat,0.0,3.3,0.0,24473.3,0.0,0,0,0,10.0,60.0,22.0,8.0,出發,v1.3.0
2026-09-10T12:58:12.834184+00:00,2026-09-10,guanshan_kenting,5.3,80.3,50.0,15900.0,31.0,0,0,0,25.0,35.0,28.0,12.0,出發,v1.3.0
2026-09-11T12:51:10.522705+00:00,2026-09-11,jiantan_laodifang,95.0,58.3,1.0,4093.3,75.0,0,0,0,90.0,5.0,3.0,2.0,跳過,v1.3.0
2026-09-11T12:51:11.096722+00:00,2026-09-11,dadaocheng_wharf,52.3,40.0,3.0,7773.3,75.0,0,0,0,75.0,12.5,7.5,5.0,跳過,v1.3.0
2026-09-11T12:51:13.110972+00:00,2026-09-11,tamsui_fishermans_wharf,44.7,36.7,1.7,9553.3,100.0,1,0,0,72.9,2.1,15.0,10.0,跳過,v1.3.0
2026-09-11T12:51:13.490186+00:00,2026-09-11,tamsui_wharf,73.0,41.0,2.3,6226.7,100.0,0,0,0,90.0,5.0,3.0,2.0,跳過,v1.3.0
2026-09-11T12:51:16.061392+00:00,2026-09-11,gaomei_wetland,5.7,6.3,89.3,22060.0,11.0,0,0,0,25.0,35.0,28.0,12.0,出發,v1.3.0
2026-09-11T12:53:01.845119+00:00,2026-09-11,guanshan_kenting,13.3,56.7,92.7,6326.7,86.0,0,0,0,79.7,5.3,9.0,6.0,跳過,v1.3.0
2026-09-11T12:53:02.741130+00:00,2026-09-11,lanyang_plain_zhuangwei,59.7,87.7,2.7,8173.3,99.0,1,0,0,72.9,2.1,15.0,10.0,跳過,v1.3.0
2026-09-11T12:53:04.261086+00:00,2026-09-11,penghu_guanyinting,15.7,3.7,92.0,20806.7,4.0,0,0,0,25.0,35.0,28.0,12.0,出發,v1.3.0
2026-09-12T12:12:17.622138+00:00,2026-09-12,jiantan_laodifang,38.3,2.0,57.7,10240.0,21.0,1,0,0,22.1,12.1,38.4,27.5,出發,v1.3.0
2026-09-12T12:12:17.956096+00:00,2026-09-12,dadaocheng_wharf,7.7,3.3,55.3,15140.0,21.0,1,0,0,7.5,12.5,46.7,33.3,出發,v1.3.0
2026-09-12T12:12:18.799816+00:00,2026-09-12,tamsui_fishermans_wharf,10.0,7.3,66.0,14680.0,73.0,0,0,0,72.3,12.7,9.0,6.0,跳過,v1.3.0
2026-09-12T12:12:19.278482+00:00,2026-09-12,tamsui_wharf,14.7,4.0,62.7,13793.3,73.0,1,0,0,63.2,3.3,20.1,13.4,跳過,v1.3.0
2026-09-12T12:12:20.847657+00:00,2026-09-12,gaomei_wetland,11.3,3.3,22.0,12940.0,54.0,1,0,0,7.1,42.9,36.7,13.3,出發,v1.3.0
2026-09-12T12:12:23.128091+00:00,2026-09-12,wanggong_fishing_port,4.0,4.0,15.7,17340.0,18.0,0,0,0,10.0,60.0,22.0,8.0,出發,v1.3.0
2026-09-12T12:13:50.306265+00:00,2026-09-12,guanshan_kenting,23.7,20.0,39.7,10673.3,50.0,1,0,0,7.5,12.5,46.7,33.3,出發,v1.3.0
2026-09-12T12:13:52.156080+00:00,2026-09-12,lanyang_plain_zhuangwei,41.3,13.3,15.7,7400.0,98.0,0,0,0,90.0,5.0,3.0,2.0,跳過,v1.3.0
2026-09-12T12:13:53.868561+00:00,2026-09-12,penghu_guanyinting,35.0,2.7,42.7,13946.7,8.0,0,0,0,35.0,19.1,26.8,19.1,出發,v1.3.0
2026-09-13T13:19:57.221512+00:00,2026-09-13,jiantan_laodifang,23.0,2.7,5.3,12920.0,5.0,1,0,0,7.1,42.9,36.7,13.3,出發,v1.3.0
2026-09-13T13:19:58.407912+00:00,2026-09-13,dadaocheng_wharf,9.3,3.3,6.0,17266.7,5.0,1,0,0,7.1,42.9,36.7,13.3,出發,v1.3.0
2026-09-13T13:20:00.004744+00:00,2026-09-13,tamsui_fishermans_wharf,4.3,2.3,1.7,18213.3,33.0,0,0,0,10.0,60.0,22.0,8.0,出發,v1.3.0
2026-09-13T13:20:01.207247+00:00,2026-09-13,tamsui_wharf,7.3,2.0,3.3,16060.0,33.0,0,0,0,10.0,60.0,22.0,8.0,出發,v1.3.0
2026-09-13T13:20:03.758587+00:00,2026-09-13,gaomei_wetland,2.3,6.0,3.7,18573.3,45.0,1,0,0,7.1,42.9,36.7,13.3,出發,v1.3.0
2026-09-13T13:20:56.959608+00:00,2026-09-13,cijin_coast,6.7,7.0,10.7,14340.0,61.0,1,0,0,60.0,0.5,23.7,15.8,跳過,v1.3.0
2026-09-13T13:21:00.488269+00:00,2026-09-13,yuguangdao,4.7,8.0,24.3,17720.0,64.0,1,0,0,60.4,1.6,22.8,15.2,跳過,v1.3.0
2026-09-13T13:21:01.592254+00:00,2026-09-13,jingzijiao_saltflat,9.3,2.7,21.7,20400.0,53.0,0,0,0,10.0,60.0,22.0,8.0,出發,v1.3.0
2026-09-13T13:21:04.141231+00:00,2026-09-13,guanshan_kenting,3.0,3.3,1.0,23766.7,43.0,1,0,0,7.1,42.9,36.7,13.3,出發,v1.3.0
2026-09-14T15:03:13.651601+00:00,2026-09-14,jiantan_laodifang,51.0,6.0,0.7,6820.0,45.0,0,0,0,30.0,46.7,17.1,6.2,跳過,v1.3.0
2026-09-14T15:03:14.935196+00:00,2026-09-14,dadaocheng_wharf,27.7,7.3,0.7,9993.3,45.0,1,0,0,7.1,42.9,36.7,13.3,出發,v1.3.0
2026-09-14T15:03:17.236926+00:00,2026-09-14,tamsui_fishermans_wharf,29.3,3.0,0.3,15420.0,100.0,0,0,0,90.0,5.0,3.0,2.0,跳過,v1.3.0
2026-09-14T15:03:18.496013+00:00,2026-09-14,tamsui_wharf,48.0,3.3,0.7,10460.0,100.0,0,0,0,90.0,5.0,3.0,2.0,跳過,v1.3.0
2026-09-14T15:04:24.680496+00:00,2026-09-14,cijin_coast,11.3,7.0,47.0,22946.7,71.0,1,0,0,62.4,3.1,20.7,13.8,跳過,v1.3.0
2026-09-14T15:04:37.044345+00:00,2026-09-14,yuguangdao,4.0,13.3,72.3,17700.0,68.0,1,0,0,61.3,2.7,21.6,14.4,跳過,v1.3.0
2026-09-14T15:04:38.351402+00:00,2026-09-14,jingzijiao_saltflat,0.0,9.3,67.7,20733.3,49.0,1,0,0,7.5,12.5,46.7,33.3,出發,v1.3.0
2026-09-14T15:04:40.109585+00:00,2026-09-14,guanshan_kenting,8.7,3.3,80.7,19500.0,33.0,1,0,0,16.7,23.3,42.0,18.0,出發,v1.3.0
2026-09-15T13:36:55.852528+00:00,2026-09-15,jiantan_laodifang,54.7,7.7,0.0,11473.3,8.0,1,0,0,22.2,34.5,31.8,11.6,出發,v1.3.0
2026-09-15T13:36:57.122439+00:00,2026-09-15,dadaocheng_wharf,50.7,24.7,0.0,16153.3,8.0,1,0,0,22.2,34.5,31.8,11.6,出發,v1.3.0
2026-09-15T13:36:59.246642+00:00,2026-09-15,tamsui_fishermans_wharf,46.3,53.0,0.0,20266.7,14.0,0,0,0,35.0,19.1,26.8,19.1,出發,v1.3.0
2026-09-15T13:37:00.464693+00:00,2026-09-15,tamsui_wharf,33.7,18.0,0.0,13473.3,14.0,1,0,0,22.2,34.5,31.8,11.6,出發,v1.3.0
2026-09-15T13:37:02.144730+00:00,2026-09-15,gaomei_wetland,2.7,6.0,0.0,21660.0,58.0,0,0,0,10.0,60.0,22.0,8.0,出發,v1.3.0
2026-09-15T13:38:49.702440+00:00,2026-09-15,guanshan_kenting,30.3,11.0,9.0,7620.0,94.0,0,0,0,90.0,5.0,3.0,2.0,跳過,v1.3.0
2026-09-15T13:38:51.852396+00:00,2026-09-15,lanyang_plain_zhuangwei,98.0,94.3,10.3,19406.7,90.0,1,0,0,72.9,2.1,15.0,10.0,跳過,v1.3.0
2026-09-15T13:38:54.077192+00:00,2026-09-15,penghu_guanyinting,12.0,0.0,0.0,20653.3,0.0,0,0,0,10.0,60.0,22.0,8.0,出發,v1.3.0
2026-09-16T13:32:35.696941+00:00,2026-09-16,jiantan_laodifang,19.0,0.0,0.0,23666.7,0.0,0,0,0,10.0,60.0,22.0,8.0,出發,v1.3.0
2026-09-16T13:32:36.824051+00:00,2026-09-16,dadaocheng_wharf,21.0,0.0,0.0,26440.0,0.0,0,0,0,10.0,60.0,22.0,8.0,出發,v1.3.0
2026-09-16T13:32:39.577702+00:00,2026-09-16,tamsui_fishermans_wharf,5.7,0.0,0.0,25426.7,0.0,0,0,0,10.0,60.0,22.0,8.0,出發,v1.3.0
2026-09-16T13:32:40.739211+00:00,2026-09-16,tamsui_wharf,7.7,0.0,0.0,24206.7,0.0,0,0,0,10.0,60.0,22.0,8.0,出發,v1.3.0
2026-09-16T13:32:42.342334+00:00,2026-09-16,gaomei_wetland,0.0,0.0,13.7,22960.0,0.0,0,0,0,10.0,60.0,22.0,8.0,出發,v1.3.0
2026-09-16T13:33:26.577589+00:00,2026-09-16,cijin_coast,9.7,8.3,36.3,10526.7,46.0,0,0,0,15.0,25.0,35.0,25.0,出發,v1.3.0
2026-09-16T13:33:38.763200+00:00,2026-09-16,yuguangdao,11.0,9.0,31.0,15680.0,70.0,1,0,0,62.0,3.0,21.0,14.0,跳過,v1.3.0
2026-09-16T13:33:39.881737+00:00,2026-09-16,jingzijiao_saltflat,13.0,2.0,23.7,21353.3,49.0,0,0,0,10.0,60.0,22.0,8.0,出發,v1.3.0
2026-09-16T13:33:41.475241+00:00,2026-09-16,guanshan_kenting,2.0,0.7,0.7,29780.0,14.0,0,0,0,10.0,60.0,22.0,8.0,出發,v1.3.0
2026-09-16T13:33:43.128485+00:00,2026-09-16,lanyang_plain_zhuangwei,38.0,2.0,0.0,28740.0,0.0,0,0,0,30.0,46.7,17.1,6.2,跳過,v1.3.0
2026-09-17T13:31:47.008803+00:00,2026-09-17,jiantan_laodifang,13.7,0.0,2.3,19586.7,0.0,0,0,0,10.0,60.0,22.0,8.0,出發,v1.3.0
2026-09-17T13:31:48.332129+00:00,2026-09-17,dadaocheng_wharf,6.3,0.0,5.7,24313.3,0.0,0,0,0,10.0,60.0,22.0,8.0,出發,v1.3.0
2026-09-17T13:31:50.744989+00:00,2026-09-17,tamsui_fishermans_wharf,3.0,0.0,6.3,25040.0,33.0,0,0,0,10.0,60.0,22.0,8.0,出發,v1.3.0
2026-09-17T13:31:52.018239+00:00,2026-09-17,tamsui_wharf,7.0,0.0,4.7,22226.7,33.0,0,0,0,10.0,60.0,22.0,8.0,出發,v1.3.0
2026-09-17T13:31:53.926585+00:00,2026-09-17,gaomei_wetland,0.0,0.0,24.7,23020.0,0.0,0,0,0,10.0,60.0,22.0,8.0,出發,v1.3.0
2026-09-17T13:33:29.753102+00:00,2026-09-17,jingzijiao_saltflat,0.7,2.3,0.0,24120.0,7.0,0,0,0,10.0,60.0,22.0,8.0,出發,v1.3.0
2026-09-17T13:33:31.498739+00:00,2026-09-17,guanshan_kenting,0.7,0.0,9.7,29740.0,0.0,0,0,0,10.0,60.0,22.0,8.0,出發,v1.3.0
2026-09-17T13:33:33.234294+00:00,2026-09-17,lanyang_plain_zhuangwei,1.3,0.0,2.7,27786.7,2.0,0,0,0,10.0,60.0,22.0,8.0,出發,v1.3.0
2026-09-17T13:33:35.091364+00:00,2026-09-17,penghu_guanyinting,0.0,0.0,0.0,20920.0,0.0,0,0,0,10.0,60.0,22.0,8.0,出發,v1.3.0
2026-09-18T12:59:21.569901+00:00,2026-09-18,jiantan_laodifang,13.3,0.0,0.0,22146.7,0.0,0,0,0,10.0,60.0,22.0,8.0,出發,v1.3.0
2026-09-18T12:59:22.475008+00:00,2026-09-18,dadaocheng_wharf,7.3,0.0,0.0,25046.7,0.0,0,0,0,10.0,60.0,22.0,8.0,出發,v1.3.0
2026-09-18T12:59:25.223073+00:00,2026-09-18,tamsui_fishermans_wharf,8.7,0.0,0.0,24706.7,0.0,0,0,0,10.0,60.0,22.0,8.0,出發,v1.3.0
2026-09-18T12:59:26.003679+00:00,2026-09-18,tamsui_wharf,13.7,0.0,0.0,22626.7,0.0,0,0,0,10.0,60.0,22.0,8.0,出發,v1.3.0
2026-09-18T12:59:28.003845+00:00,2026-09-18,gaomei_wetland,0.0,3.3,0.0,22240.0,10.0,0,0,0,10.0,60.0,22.0,8.0,出發,v1.3.0
2026-09-18T13:01:04.076502+00:00,2026-09-18,jingzijiao_saltflat,0.0,3.7,13.7,22306.7,2.0,0,0,0,10.0,60.0,22.0,8.0,出發,v1.3.0
2026-09-18T13:01:06.557061+00:00,2026-09-18,guanshan_kenting,7.7,1.7,0.0,21793.3,63.0,0,0,0,63.0,18.5,11.1,7.4,跳過,v1.3.0
2026-09-18T13:01:08.509390+00:00,2026-09-18,lanyang_plain_zhuangwei,74.0,2.0,0.0,25866.7,12.0,0,0,0,74.0,13.0,7.8,5.2,跳過,v1.3.0
2026-09-18T13:01:10.426449+00:00,2026-09-18,penghu_guanyinting,0.0,0.0,0.0,18286.7,0.0,0,0,0,10.0,60.0,22.0,8.0,出發,v1.3.0
2026-09-19T12:31:53.415190+00:00,2026-09-19,jiantan_laodifang,24.0,0.0,0.0,24673.3,0.0,0,0,0,10.0,60.0,22.0,8.0,出發,v1.3.0
2026-09-19T12:31:54.763798+00:00,2026-09-19,dadaocheng_wharf,9.3,0.0,0.0,26053.3,0.0,0,0,0,10.0,60.0,22.0,8.0,出發,v1.3.0
2026-09-19T12:31:56.763695+00:00,2026-09-19,tamsui_fishermans_wharf,3.7,0.0,0.0,24753.3,4.0,0,0,0,10.0,60.0,22.0,8.0,出發,v1.3.0
2026-09-19T12:31:58.075924+00:00,2026-09-19,tamsui_wharf,11.7,0.0,0.0,24833.3,4.0,0,0,0,10.0,60.0,22.0,8.0,出發,v1.3.0
2026-09-19T12:32:00.011830+00:00,2026-09-19,gaomei_wetland,0.0,0.0,0.0,23146.7,0.0,0,0,0,10.0,60.0,22.0,8.0,出發,v1.3.0
2026-09-19T12:32:33.544601+00:00,2026-09-19,xiziwan,6.3,6.3,0.3,28140.0,0.0,0,0,0,10.0,60.0,22.0,8.0,出發,v1.3.0
2026-09-19T12:32:45.230751+00:00,2026-09-19,cijin_coast,6.3,6.3,0.3,28140.0,0.0,0,0,0,10.0,60.0,22.0,8.0,出發,v1.3.0
2026-09-19T12:32:47.147958+00:00,2026-09-19,yuguangdao,4.3,5.0,0.0,25726.7,0.0,0,0,0,10.0,60.0,22.0,8.0,出發,v1.3.0
2026-09-19T12:32:48.449774+00:00,2026-09-19,jingzijiao_saltflat,4.0,4.7,0.0,25093.3,0.0,0,0,0,10.0,60.0,22.0,8.0,出發,v1.3.0
2026-09-19T12:32:50.231094+00:00,2026-09-19,guanshan_kenting,79.0,0.3,0.0,18893.3,53.0,0,0,0,79.0,10.5,6.3,4.2,跳過,v1.3.0
2026-09-19T12:33:01.703209+00:00,2026-09-19,lanyang_plain_zhuangwei,1.7,0.0,0.0,28760.0,0.0,0,0,0,10.0,60.0,22.0,8.0,出發,v1.3.0
2026-09-19T12:33:13.771420+00:00,2026-09-19,penghu_guanyinting,0.7,0.0,0.0,18340.0,0.0,0,0,0,10.0,60.0,22.0,8.0,出發,v1.3.0
2026-09-20T13:04:22.931324+00:00,2026-09-20,jiantan_laodifang,6.3,0.0,0.0,23506.7,8.0,1,0,0,7.1,42.9,36.7,13.3,出發,v1.3.0
2026-09-20T13:04:24.363207+00:00,2026-09-20,dadaocheng_wharf,2.3,0.0,0.0,26500.0,8.0,1,0,0,7.1,42.9,36.7,13.3,出發,v1.3.0
2026-09-20T13:04:26.543568+00:00,2026-09-20,tamsui_fishermans_wharf,1.7,0.0,0.0,23880.0,12.0,0,0,0,10.0,60.0,22.0,8.0,出發,v1.3.0
2026-09-20T13:04:27.999636+00:00,2026-09-20,tamsui_wharf,3.7,0.0,0.0,25366.7,12.0,1,0,0,7.1,42.9,36.7,13.3,出發,v1.3.0
2026-09-20T13:04:29.866234+00:00,2026-09-20,gaomei_wetland,0.0,0.0,21.7,22213.3,0.0,0,0,0,10.0,60.0,22.0,8.0,出發,v1.3.0
2026-09-20T13:06:06.028998+00:00,2026-09-20,jingzijiao_saltflat,14.3,2.3,37.3,19200.0,41.0,0,0,0,15.0,25.0,35.0,25.0,出發,v1.3.0
2026-09-20T13:06:07.928079+00:00,2026-09-20,guanshan_kenting,6.7,5.3,5.3,30793.3,0.0,0,0,0,10.0,60.0,22.0,8.0,出發,v1.3.0
2026-09-20T13:06:11.502045+00:00,2026-09-20,lanyang_plain_zhuangwei,0.3,0.0,0.0,28793.3,8.0,0,0,0,10.0,60.0,22.0,8.0,出發,v1.3.0
2026-09-21T15:08:18.339494+00:00,2026-09-21,jiantan_laodifang,1.7,0.0,0.0,26366.7,0.0,0,0,0,10.0,60.0,22.0,8.0,出發,v1.3.0
2026-09-21T15:08:19.592638+00:00,2026-09-21,dadaocheng_wharf,0.0,0.0,0.0,27520.0,0.0,0,0,0,10.0,60.0,22.0,8.0,出發,v1.3.0
2026-09-21T15:08:22.273490+00:00,2026-09-21,tamsui_fishermans_wharf,0.0,0.0,0.0,26000.0,0.0,0,0,0,10.0,60.0,22.0,8.0,出發,v1.3.0
2026-09-21T15:08:23.525520+00:00,2026-09-21,tamsui_wharf,0.3,0.0,0.0,26413.3,0.0,0,0,0,10.0,60.0,22.0,8.0,出發,v1.3.0
2026-09-21T15:09:07.824748+00:00,2026-09-21,xiziwan,79.3,84.3,8.0,4540.0,80.0,0,0,0,80.0,10.0,6.0,4.0,跳過,v1.3.0
2026-09-21T15:09:19.249674+00:00,2026-09-21,cijin_coast,79.3,84.3,8.0,4540.0,80.0,0,0,0,80.0,10.0,6.0,4.0,跳過,v1.3.0
2026-09-21T15:09:20.937939+00:00,2026-09-21,yuguangdao,50.3,24.3,14.3,12226.7,100.0,0,0,0,90.0,5.0,3.0,2.0,跳過,v1.3.0
2026-09-21T15:09:22.202032+00:00,2026-09-21,jingzijiao_saltflat,9.0,3.3,16.3,13426.7,92.0,1,0,0,72.9,2.1,15.0,10.0,跳過,v1.3.0
2026-09-21T15:09:46.153366+00:00,2026-09-21,lanyang_plain_zhuangwei,0.3,0.0,0.0,30726.7,0.0,0,0,0,10.0,60.0,22.0,8.0,出發,v1.3.0
2026-09-21T15:10:07.848741+00:00,2026-09-21,penghu_guanyinting,0.0,0.0,0.0,21166.7,0.0,0,0,0,10.0,60.0,22.0,8.0,出發,v1.3.0
